Recency,Frequency,Monetary,Cluster
0.1151761517615176,0.0039408074634067,0.0005149512457283,1
0.018970189701897,0.0,0.0,1
0.8292682926829268,0.0013672189158758,0.0005532825654768,0
0.1273712737127371,0.0213929548013511,0.005266640715428,1
0.2940379403794038,0.0166479009168409,0.0016220327393189,1
0.032520325203252,0.0205082837381373,0.0084415480248922,1
0.2845528455284553,0.0038603828212964,0.0014701360636202,1
0.062330623306233,0.0004021232105517,0.0007273484103879,1
0.8292682926829268,0.0008846710632137,0.0002224145998162,0
0.2886178861788618,0.0102139295480135,0.005996846332407,1
0.2723577235772357,0.0004021232105517,0.0002463049778184,1
0.6544715447154471,0.0033778349686343,0.0014055390977395,0
0.013550135501355,0.0368344860865369,0.0105854856934502,1
0.0013550135501355,0.0203474344539166,0.0043061889986392,1
0.592140921409214,0.006353546726717,0.0024177475628372,0
0.9932249322493224,0.0018497667685378,0.000750756849929,0
0.7750677506775068,0.003056136400193,0.0004092690260354,0
0.035230352303523,0.0249316390542062,0.0036176194222852,1
0.043360433604336,0.0044233553160688,0.0006850238862471,1
0.0474254742547425,0.0225188997908959,0.0086081266115677,1
0.1626016260162601,0.0011259449895447,0.0004704752106002,1
0.8915989159891599,0.0016084928422068,0.0012351738517265,0
0.1192411924119241,0.0053080263792826,0.0071374741853105,1
0.2560975609756097,0.0081228888531446,0.0029080338866078,1
0.8265582655826558,0.0008042464211034,0.0003224684667664,0
0.537940379403794,0.000723821778993,0.000264239973408,0
0.6395663956639567,0.0026540131896413,0.0024966133495852,0
0.0040650406504065,0.0034582596107447,0.0035246913597246,1
0.1246612466124661,0.0020910406948689,0.0022415302069388,1
0.1666666666666666,0.0673154254463567,0.0137642829347794,1
0.2032520325203252,0.0087662859900273,0.0043740906853963,1
0.0582655826558265,0.0076403410004825,0.0009350983113151,1
0.573170731707317,0.003538684252855,0.001594045884397,0
0.035230352303523,0.0100530802637928,0.0028489447888544,1
0.6802168021680217,0.0068360945793791,0.002122353710334,0
0.0013550135501355,0.0160045037799581,0.0020951758235433,1
0.070460704607046,0.0014476435579861,0.0042836755876688,1
0.0121951219512195,0.0558951262666881,0.0242582175327009,1
0.5474254742547425,0.0054688756635032,0.000688397455475,0
0.0284552845528455,0.0295158436544957,0.0063729476650632,1
0.6897018970189702,0.0084445874215859,0.0011025030782097,0
0.2533875338753387,0.0062731220846067,0.0020929382521166,1
0.1775067750677506,0.0048254785266205,0.0030052993953186,1
0.0501355013550135,0.0215538040855718,0.0111432950380442,1
0.5284552845528455,0.0001608492842206,0.0003211775601741,0
0.0311653116531165,0.0233231462119993,0.0057935027259816,1
0.6422764227642277,0.0071577931478204,0.0036943853343096,0
0.0880758807588075,0.008927135274248,0.0027186664955555,1
0.1287262872628726,0.0127875180955444,0.0066425233857195,1
0.1937669376693767,0.0001608492842206,0.0001549087910807,1
0.037940379403794,0.0398906224867299,0.007418995094968,1
0.2127371273712737,0.0011259449895447,0.001754806785363,1
0.0392953929539295,0.003056136400193,0.0004373763655726,1
0.062330623306233,0.0054688756635032,0.0019991840093369,1
0.0013550135501355,0.0093292584847997,0.0031650447830987,1
0.035230352303523,0.0047450538845102,0.0016773523898226,1
0.089430894308943,0.0142351616535306,0.0010668052079096,1
0.5704607046070461,0.0057101495898343,0.0035331080707067,0
0.0962059620596205,0.0078011902847032,0.0032980253741976,1
0.0392953929539295,0.0164870516326202,0.0073446560873371,1
0.013550135501355,0.1149268135756795,0.0107076743054371,1
0.3252032520325203,0.0052276017371722,0.0014585695405529,1
0.0067750677506775,0.0106964774006755,0.0042396298547382,1
0.1341463414634146,0.0313656104230336,0.0103288706749809,1
0.8008130081300813,0.0013672189158758,0.0005029544204634,0
0.040650406504065,0.0042625060318481,0.0017985943369752,1
0.010840108401084,0.029113720443944,0.012423254742481,1
0.0948509485094851,0.0037799581791861,0.0033012612467224,1
0.0203252032520325,0.0140743123693099,0.0022723570563639,1
0.1056910569105691,0.0119028470323307,0.0038066253594916,1
0.1084010840108401,0.003056136400193,0.0007386739642247,1
0.1775067750677506,0.0151198327167444,0.0096997172260503,1
0.1951219512195122,0.0087662859900273,0.0033260810774711,1
0.983739837398374,0.0020106160527585,0.0004504403402871,0
0.0392953929539295,0.026057584043751,0.0116248548332506,1
0.1355013550135501,0.0305613640019301,0.0150910939424741,1
0.05420054200542,0.0054688756635032,0.0034139832103655,1
0.6016260162601627,0.0049059031687308,0.000461748682036,0
0.3265582655826558,0.003056136400193,0.0030338198249654,1
0.6287262872628726,0.0054688756635032,0.0006576050302258,0
0.0067750677506775,0.0225188997908959,0.0040898846900268,1
0.6111111111111112,0.0064339713688274,0.0013253824043992,0
0.037940379403794,0.0227601737172269,0.0094963047712733,1
0.010840108401084,0.0033778349686343,0.0011652411385975,1
0.5934959349593496,0.0057905742319446,0.0065441046671195,0
0.1964769647696476,0.0229210230014476,0.0042776513569046,1
0.7317073170731707,0.0017693421264275,0.00066362926099,0
0.021680216802168,0.0131092166639858,0.0011837097089119,1
0.059620596205962,0.0133504905903168,0.0070008102074015,1
0.056910569105691,0.0129483673797651,0.0026527786230825,1
0.1612466124661246,0.0072382177899308,0.0028682051152122,1
0.8292682926829268,0.003297410326524,0.0005235400775893,0
0.013550135501355,0.0027344378317516,0.0011245173386311,1
0.1070460704607046,0.0015280682000965,0.0005364835676885,1
0.1395663956639566,0.0064339713688274,0.001063861940879,1
0.3062330623306233,0.0019301914106482,0.0033077502038599,1
0.1341463414634146,0.003538684252855,0.001392320214234,1
0.5474254742547425,0.0045037799581791,0.0021843000146784,0
0.4308943089430894,0.0294354190123853,0.010796333770199,0
0.043360433604336,0.0135113398745375,0.0033642058521649,1
0.3536585365853658,0.0074794917162618,0.0027447944449845,1
0.0392953929539295,0.0026540131896413,0.0011023481694187,1
0.5555555555555556,0.0067556699372687,0.0005868289247897,0
0.035230352303523,0.0275856522438475,0.0064947231869406,1
0.5420054200542005,0.0006433971368827,0.0003855163447363,0
0.035230352303523,0.0663503297410326,0.0052973642923256,1
0.032520325203252,0.0109377513270065,0.0031419805853156,1
0.2330623306233062,0.0193019141064822,0.0096886670656199,1
0.2398373983739837,0.0064339713688274,0.0030223393623375,1
0.1449864498644986,0.0024931639054206,0.0022624428937347,1
0.0094850948509485,0.0112594498954479,0.0088674955641007,1
0.7777777777777778,0.0126266688113237,0.0039684017736436,0
0.0826558265582655,0.0049059031687308,0.0005580847380003,1
0.5989159891598916,0.0003216985684413,0.0002462189173789,0
0.005420054200542,0.006112272800386,0.0028735408624605,1
0.048780487804878,0.0082033134952549,0.0049051696574849,1
0.0311653116531165,0.0049863278108412,0.0016687291337858,1
0.55420054200542,0.0012063696316551,0.0004459479853457,0
0.3428184281842818,0.0056297249477239,0.0024488842298444,1
0.0501355013550135,0.0082033134952549,0.0020434362873223,1
0.0392953929539295,0.0107769020427859,0.0042038287119106,1
0.1178861788617886,0.000482547852662,0.0002019838514814,1
0.4376693766937669,0.0078816149268135,0.002159927698215,0
0.6585365853658537,0.000482547852662,0.0002408831701306,0
0.3265582655826558,0.0310439118545922,0.0055367500108091,1
0.067750677506775,0.0119028470323307,0.002605169987957,1
0.3753387533875338,0.0015280682000965,0.0005432134940565,1
0.048780487804878,0.0138330384429789,0.0031682806556235,1
0.0338753387533875,0.0012867942737654,0.0005697201094193,1
0.7235772357723578,0.0,1.0843615375654508e-05,0
0.0040650406504065,0.0459224706450056,0.0224011881573124,1
0.0230352303523035,0.0024127392633102,0.005515028355882,1
0.002710027100271,0.0130287920218755,0.0053529421241478,1
0.1070460704607046,0.0025735885475309,0.0012069632396619,1
0.2425474254742547,0.0248512144120958,0.0037231811573628,1
0.086720867208672,0.0130287920218755,0.0018983211742554,1
0.6463414634146342,0.0001608492842206,8.958891750838365e-05,0
0.0338753387533875,0.0009650957053241,0.0006376045840884,1
0.6666666666666666,0.0045842046002895,0.0015836497833066,0
0.067750677506775,0.0094901077690204,0.0010319679420043,1
0.5799457994579946,0.0028952871159723,0.001988047788467,0
0.0094850948509485,0.0024931639054206,0.0002950496107451,1
0.2086720867208672,0.0099726556216824,0.0051618225425475,1
0.978319783197832,0.0008042464211034,0.0005672759929378,0
0.1178861788617886,0.0051471770950619,0.0017438426853721,1
0.3739837398373983,0.0010455203474344,0.0003390781315879,1
0.021680216802168,0.0014476435579861,0.0006687240390078,1
0.5365853658536586,8.042464211034261e-05,0.0001290906592339,0
0.5420054200542005,0.0038603828212964,0.0008043897158187,0
0.5284552845528455,0.0029757117580826,0.0008677301992829,0
0.3428184281842818,0.0028952871159723,0.0004445021699623,1
0.9878048780487804,0.0,0.0002839994503147,0
0.002710027100271,0.0127875180955444,0.0041779245196243,1
0.005420054200542,0.0032169856844137,0.0021647298707385,1
0.0501355013550135,0.0159240791378478,0.0087611420729798,1
0.024390243902439,0.000482547852662,0.0003201620469881,1
0.540650406504065,0.0045037799581791,0.0016073336162541,0
0.0013550135501355,0.02348399549622,0.0089014550135231,1
0.6287262872628726,0.0011259449895447,0.0004740209007071,0
0.0013550135501355,0.0402927456972816,0.0035331252827946,1
0.005420054200542,0.0024127392633102,0.0007563507784958,1
0.0582655826558265,0.0008042464211034,0.0004413179337012,1
0.3224932249322493,0.0024931639054206,0.0019683743719997,1
0.056910569105691,0.0045037799581791,0.0031707075600171,1
0.002710027100271,0.0444748270870194,0.0166425743334997,1
0.7940379403794038,0.0023323146211999,0.0002269069547575,0
0.6666666666666666,0.0042625060318481,0.0004539343941303,0
0.0121951219512195,0.0238861187067717,0.0092843206967232,1
0.3807588075880759,0.0022518899790895,0.0006835780708636,1
0.6978319783197832,0.0020910406948689,0.0002773383722982,0
0.7750677506775068,0.0029757117580826,0.0002456337063904,0
0.5067750677506775,0.0025735885475309,0.0002295059800301,0
0.032520325203252,0.0087662859900273,0.0013447460032843,1
0.6327913279132791,0.0033778349686343,0.0014601530526395,0
0.5420054200542005,0.0114202991796686,0.0033410728060302,0
0.5840108401084011,0.0021714653369792,0.0007946476740685,0
0.6124661246612466,0.0046646292423998,0.0017897989600594,0
0.535230352303523,0.0100530802637928,0.0008382803168896,0
0.0013550135501355,0.0065143960109377,0.002982992529403,1
0.537940379403794,0.0012063696316551,0.0005840749907261,0
0.0040650406504065,0.0447965256554608,0.0087580094729823,1
0.0230352303523035,0.0093292584847997,0.0010764095529566,1
0.5989159891598916,0.0020910406948689,0.00036231445025,0
0.0311653116531165,0.0003216985684413,0.0013060876538657,1
0.3577235772357723,0.000723821778993,0.0002386972349675,1
0.5691056910569106,0.0121441209586617,0.0047615519960651,0
0.0094850948509485,0.107045198648866,0.0173102828593216,1
0.1246612466124661,0.009168409200579,0.0033594897400809,1
1.0,0.0005629724947723,0.0002213474503665,0
0.6070460704607046,0.0031365610423033,0.0010552386848422,0
0.7371273712737128,0.0012867942737654,0.0009822250079795,0
0.021680216802168,0.0016084928422068,0.0023270742837912,1
0.3482384823848238,0.0316068843493646,0.0065500772616201,1
0.7615176151761518,0.0024931639054206,0.0010574074079173,0
0.1084010840108401,0.0037799581791861,0.0013951602087371,1
0.2330623306233062,0.0047450538845102,0.0006842149181159,1
0.4214092140921409,0.0084445874215859,0.0040687482460882,0
0.2723577235772357,0.0006433971368827,0.0004435555051279,1
0.9878048780487804,0.0017693421264275,0.0003515741074017,0
1.0,0.0009650957053241,0.0002552552635253,0
0.7710027100271003,0.0010455203474344,0.0003415050359815,0
0.2046070460704607,0.0019301914106482,0.0008379188630438,1
0.0121951219512195,0.0019301914106482,0.0006496530456169,1
0.0447154471544715,0.0049059031687308,0.0018046702040031,1
0.3265582655826558,0.0012867942737654,0.0004668606721416,1
0.535230352303523,0.0070773685057101,0.0007536656927837,0
0.089430894308943,0.003056136400193,0.0012136587418542,1
0.994579945799458,0.0003216985684413,0.0002243079294849,0
0.0094850948509485,0.0619269744249638,0.0297540716226647,1
0.0392953929539295,0.0544474827087019,0.0337665879775906,1
0.08130081300813,0.0287115972333923,0.0130591381177797,1
0.048780487804878,0.0191410648222615,0.0034767040586654,1
0.1544715447154471,0.0071577931478204,0.0027331762856534,1
0.0392953929539295,0.0162457777062892,0.0096625735403667,1
0.5311653116531165,0.0020910406948689,0.0003178384151219,0
0.0338753387533875,0.0056297249477239,0.0018851883511893,1
0.0989159891598916,0.017371722695834,0.006201756238831,1
0.5338753387533876,0.0054688756635032,0.0027200262504994,0
0.032520325203252,0.0289528711597233,0.0029933369942296,1
0.7615176151761518,0.0016889174843171,0.0004058266084558,0
0.1002710027100271,0.0020910406948689,0.0009484548915239,1
0.0420054200542005,0.0093292584847997,0.0036455718530313,1
0.013550135501355,0.0245295158436544,0.0178328762720765,1
0.0230352303523035,0.0069165192214894,0.0037972619836752,1
0.032520325203252,0.0231622969277786,0.0028169819416281,1
0.024390243902439,0.0127875180955444,0.0043995645754851,1
0.024390243902439,0.000241273926331,0.0001678178570041,1
0.0691056910569105,0.0012063696316551,0.0005297536413204,1
0.0013550135501355,0.038282129644523,0.0048050813663588,1
0.016260162601626,0.0637767411935016,0.0140872161279191,1
0.1233062330623306,0.00940968312691,0.0041297478855982,1
0.0962059620596205,0.0322502814862473,0.003966663352766,1
0.1476964769647696,0.0062731220846067,0.0023638220914531,1
0.4214092140921409,0.0033778349686343,0.0014188784658604,0
0.0474254742547425,0.0143155862956409,0.0074096145070637,1
0.0203252032520325,0.0106160527585652,0.0056465803436854,1
0.3550135501355013,0.0045842046002895,0.0004080469677946,1
0.2222222222222222,0.0069165192214894,0.001856926102861,1
0.048780487804878,0.0054688756635032,0.003422158952117,1
0.051490514905149,0.0050667524529515,0.0031444591259729,1
0.1937669376693767,0.0140743123693099,0.006957074292053,1
0.0528455284552845,0.0036191088949654,0.0016502605634714,1
0.6449864498644986,0.0026540131896413,0.0003853097996815,0
0.0040650406504065,0.0069969438635998,0.0011157908100669,1
0.0392953929539295,0.0078011902847032,0.003090172200743,1
0.3360433604336043,0.0021714653369792,0.0025177497935237,1
0.002710027100271,0.0053884510213929,0.0022146793498181,1
0.0094850948509485,0.0099726556216824,0.0046433910126463,1
0.1097560975609756,0.0045037799581791,0.0107549731229805,1
0.1544715447154471,0.0022518899790895,0.0001465265042745,1
0.4227642276422764,0.000723821778993,0.000305514560187,0
0.6802168021680217,0.0032169856844137,0.0012684103934573,0
0.08130081300813,0.0299179668650474,0.0047988333784519,1
0.3699186991869919,0.005870998874055,0.0023478836980597,1
0.5365853658536586,0.0014476435579861,0.0005190132984722,0
0.8062330623306233,0.0014476435579861,0.0002587837415443,0
0.5609756097560976,0.0049863278108412,0.0023858019276987,0
0.5176151761517616,0.0065143960109377,0.00128918538355,0
0.032520325203252,0.0090879845584687,0.0038090178397094,1
0.573170731707317,0.0014476435579861,0.0008159046026224,0
0.062330623306233,0.0069165192214894,0.0026388884681489,1
0.0772357723577235,0.0146372848640823,0.0059925088862567,1
0.7601626016260162,0.0040212321055171,0.0005693242313976,0
0.0257452574525745,0.0193823387485925,0.0081261193020759,1
0.4214092140921409,0.0040212321055171,0.0019409210918026,0
0.0094850948509485,0.0098922309795721,0.0091386203726678,1
0.024390243902439,0.0387646774971851,0.0038399479616619,1
0.5853658536585366,0.006112272800386,0.0010632250936268,0
0.4322493224932249,0.0012867942737654,0.0003562557953099,0
0.1951219512195122,0.0964291458903007,0.0283981721864226,1
0.0230352303523035,0.0064339713688274,0.0029021645646346,1
0.7140921409214093,0.0045037799581791,0.0015827719668239,0
0.8590785907859079,0.0043429306739585,0.0039282803967537,0
0.1869918699186991,0.0033778349686343,0.0014953345603027,1
0.4471544715447154,0.0017693421264275,0.0006931479917348,0
0.013550135501355,0.0004021232105517,0.0001763378405136,1
0.5121951219512195,0.005870998874055,0.0016651662315909,0
0.3184281842818428,0.0003216985684413,0.000261365554729,1
0.2953929539295393,0.0051471770950619,0.001802673601807,1
0.0121951219512195,0.0050667524529515,0.0021874498267637,1
0.9200542005420054,0.0041820813897378,0.0010027934530174,0
0.010840108401084,0.0033778349686343,0.0074032976708051,1
0.5447154471544715,0.0019301914106482,0.0004349150370032,0
0.1842818428184282,0.0075599163583722,0.0018119509171839,1
0.0013550135501355,0.0370757600128679,0.003266114163235,1
0.2710027100271002,0.0041820813897378,0.0014653855273604,1
0.1151761517615176,0.0209908315907994,0.0026858774681101,1
0.0501355013550135,0.0033778349686343,0.0015858701426455,1
0.2655826558265582,0.0044233553160688,0.0015685719943081,1
0.5474254742547425,0.0003216985684413,0.0020520251191833,0
0.0121951219512195,0.0189802155380408,0.0103711435628581,1
0.4214092140921409,0.0013672189158758,0.0005443494918578,0
0.6327913279132791,0.0024931639054206,0.001088475226573,0
0.089430894308943,0.0,0.0007435621971877,1
0.2967479674796748,0.0086054367058066,0.0029147810250638,1
0.2723577235772357,0.0037799581791861,0.0008710004959835,1
0.037940379403794,0.0105356281164548,0.0013962962065384,1
0.5840108401084011,0.0001608492842206,0.0001543063680043,0
0.021680216802168,0.0427859096027022,0.0150535715908568,1
0.5609756097560976,0.0036191088949654,0.0002353408778274,0
0.013550135501355,0.0410165674762747,0.0218075088215392,1
0.0582655826558265,0.0088467106321376,0.0011313505375266,1
0.0230352303523035,0.0242882419173234,0.003792236054009,1
0.7886178861788617,0.0036191088949654,0.0014310990482679,0
0.078590785907859,0.0120636963165513,0.005331685195594,1
0.573170731707317,0.0012063696316551,0.0004498379172106,0
0.0257452574525745,0.0108573266848962,0.0037254703650532,1
0.2940379403794038,0.0001608492842206,0.0006960568345896,1
0.3482384823848238,0.0057101495898343,0.0020132634972373,1
0.8021680216802168,0.0001608492842206,8.688661970841896e-05,0
0.005420054200542,0.0205082837381373,0.0096013845678898,1
0.1002710027100271,0.0101335049059031,0.00446985874246,1
0.4214092140921409,0.0068360945793791,0.0016290724832691,0
0.1341463414634146,0.0,0.0003569098546501,1
0.4850948509485094,0.000241273926331,0.0001317585328581,0
0.08130081300813,0.0018497667685378,0.0006850066741592,1
0.8631436314363143,0.0009650957053241,0.0001909681152268,0
0.5338753387533876,0.0040212321055171,0.0010924167947016,0
0.7601626016260162,0.000482547852662,0.0001815875273224,0
0.0663956639566395,0.0048254785266205,0.0002674242096691,1
0.8482384823848238,0.000482547852662,0.0004163604062493,0
0.010840108401084,0.0097313816953514,0.0016781097216901,1
0.0094850948509485,0.0025735885475309,0.0054950279097447,1
0.1531165311653116,0.0067556699372687,0.0296722625688862,1
0.7317073170731707,0.0123049702428824,0.0026023644176296,0
0.9498644986449865,0.0005629724947723,0.0002413478965038,0
0.024390243902439,8.042464211034261e-05,0.0021196686246219,1
0.1612466124661246,0.0023323146211999,0.0009819496145731,1
0.0799457994579945,0.0036191088949654,0.0016296404821697,1
0.0501355013550135,0.005870998874055,0.0018433629775975,1
0.0013550135501355,0.0459224706450056,0.0497127095984791,1
0.0962059620596205,0.0015280682000965,0.0015063158723815,1
0.5840108401084011,0.0015280682000965,0.000878160724549,0
0.7493224932249323,0.0014476435579861,0.0005415955577941,0
0.0040650406504065,0.0077207656425928,0.0233253912169882,1
0.8983739837398373,0.0006433971368827,0.0003011254777731,0
0.3631436314363143,0.0006433971368827,0.0016249932184373,1
0.8468834688346883,0.0008042464211034,0.0002978723931604,0
0.048780487804878,0.0051471770950619,0.002221271579483,1
0.2140921409214092,0.0036191088949654,0.0014499807086918,1
0.0962059620596205,0.0026540131896413,0.0011505075913569,1
0.6476964769647696,0.003538684252855,0.0028135567361364,0
0.0907859078590785,0.0102943541901238,0.0057079414370413,1
0.0230352303523035,0.0159240791378478,0.0038497072155,1
0.0691056910569105,0.0009650957053241,0.0005136087028722,1
0.4295392953929539,0.0034582596107447,0.0020929038279408,0
0.1910569105691057,0.005870998874055,0.0025543943286583,1
0.005420054200542,0.0127070934534341,0.0093385215615136,1
0.002710027100271,0.0184172430432684,0.0078253208539729,1
0.010840108401084,0.0217146533697925,0.0028661740888402,1
0.4593495934959349,0.0025735885475309,0.0022506181893489,0
0.0691056910569105,0.0023323146211999,0.0001907099339083,1
0.013550135501355,0.0180151198327167,0.0092619621945439,1
0.018970189701897,0.0064339713688274,0.002365526088155,1
0.5040650406504065,0.0006433971368827,0.0003571508238806,0
0.4850948509485094,0.0027344378317516,0.0014997924910683,0
0.0203252032520325,0.0412578414026057,0.0242413496865609,1
0.1910569105691057,0.0086054367058066,0.004194671881149,1
0.5474254742547425,0.0012867942737654,0.000253620115175,0
0.6897018970189702,0.0033778349686343,0.0003814026557287,0
0.021680216802168,0.0050667524529515,0.0020907867411293,1
0.0149051490514905,0.0090075599163583,0.0017095562062795,1
0.9051490514905148,0.0031365610423033,0.0005493065731724,0
0.0013550135501355,0.0049059031687308,0.0021702033146901,1
0.513550135501355,0.008927135274248,0.0020271020159072,0
0.2289972899728997,0.0016889174843171,0.0005681882335963,1
0.0663956639566395,0.0013672189158758,0.0004682376391735,1
0.032520325203252,0.009168409200579,0.000911018600346,1
0.1084010840108401,0.0021714653369792,0.0015636493371693,1
0.8631436314363143,0.003297410326524,0.0003666346843124,0
0.037940379403794,0.0168891748431719,0.0065297669979006,1
0.5555555555555556,0.0037799581791861,0.000656038730227,0
0.0921409214092141,0.0282290493807302,0.0034908007586537,1
0.1571815718157181,0.0033778349686343,0.0013767949109501,1
0.7235772357723578,0.0019301914106482,0.0001909681152268,0
0.1111111111111111,0.038040855718192,0.0106745926724974,1
0.0040650406504065,0.0052276017371722,0.0016094162788898,1
0.3075880758807588,0.0138330384429789,0.003860826224282,1
0.0067750677506775,0.0119028470323307,0.0076547834870808,1
0.0094850948509485,0.0069969438635998,0.0040290743834836,1
0.010840108401084,0.0341804728968956,0.0028437467383093,1
0.1802168021680217,0.0050667524529515,0.0077141651903285,1
0.021680216802168,0.0018497667685378,0.003235097980843,1
0.1869918699186991,0.0078011902847032,0.0027175993461058,1
0.05420054200542,0.0028952871159723,0.000682166679656,1
0.6300813008130082,0.005870998874055,0.000483143307293,0
0.8035230352303523,0.000482547852662,0.0002880442909707,0
0.6666666666666666,0.0015280682000965,0.0008066444993334,0
0.7710027100271003,0.0005629724947723,0.0001879559998446,0
0.0501355013550135,0.0006433971368827,0.0003041031689794,1
0.8739837398373984,0.0019301914106482,0.0006807380763605,0
0.0338753387533875,0.0235644201383303,0.0136947288875841,1
0.0420054200542005,0.0027344378317516,0.0009416044805405,1
0.1991869918699187,0.0069165192214894,0.0008425661267762,1
0.037940379403794,0.0143155862956409,0.0069099648074766,1
0.0257452574525745,0.0049863278108412,0.0020779120993817,1
0.075880758807588,0.0027344378317516,0.0025683877561193,1
0.040650406504065,0.0288724465176129,0.0119861537703147,1
0.059620596205962,0.0141547370114203,0.0034385448597958,1
0.9254742547425474,0.0015280682000965,0.0005933867302788,0
0.2859078590785908,0.0061926974424963,0.0005728527094167,1
0.1070460704607046,0.008927135274248,0.0239694331219505,1
0.0447154471544715,0.0100530802637928,0.0049536388970053,1
0.6273712737127372,0.0020910406948689,0.0005098392556226,0
0.5094850948509485,0.0017693421264275,0.0006084645192774,0
0.0040650406504065,0.0051471770950619,0.0031671274457344,1
0.2520325203252032,0.0087662859900273,0.0030725814469114,1
0.05420054200542,0.0086054367058066,0.0024713976408148,1
0.3143631436314363,0.0157632298536271,0.0062611379420787,1
0.1910569105691057,0.0065143960109377,0.0005890320720407,1
0.573170731707317,0.0024931639054206,0.0007855596916585,0
0.9105691056910568,0.0048254785266205,0.0005963988456609,0
0.021680216802168,0.0484156345504262,0.0168044368080912,1
0.0907859078590785,0.04930030561364,0.0142581665849207,1
0.3265582655826558,0.000723821778993,0.0003584933667367,1
0.0013550135501355,0.0043429306739585,0.0016549250392917,1
0.032520325203252,0.0064339713688274,0.0022509796431947,1
0.5650406504065041,0.008927135274248,0.0015163333075381,0
0.0040650406504065,0.0635354672671706,0.04994613993455,1
0.0691056910569105,0.03755830786553,0.0041599034635953,1
0.0121951219512195,0.0188997908959305,0.0069342166393246,1
0.086720867208672,0.0041016567476274,0.0023595018573908,1
0.0149051490514905,0.0164870516326202,0.1260019500607104,1
0.016260162601626,0.0090879845584687,0.0005199771753944,1
0.021680216802168,0.0036191088949654,0.0014647658921961,1
0.0230352303523035,0.0003216985684413,0.0003315048129128,1
0.2764227642276423,0.0018497667685378,0.0011007130210684,1
0.5040650406504065,0.0,0.000420112641411,0
0.1924119241192411,0.0020106160527585,0.0019534859159681,1
0.0094850948509485,0.0024127392633102,0.0010053064178505,1
0.6165311653116531,0.0024931639054206,0.0003815059282561,0
0.1612466124661246,0.0093292584847997,0.0037737674836946,1
0.086720867208672,0.0238056940646614,0.0098881895885319,1
0.6937669376693767,0.0045037799581791,0.0020351228488676,0
0.8062330623306233,0.0017693421264275,0.0002721058975773,0
0.067750677506775,0.0088467106321376,0.0019678063730991,1
0.0121951219512195,0.000723821778993,0.0002757032239479,1
0.0257452574525745,0.0164870516326202,0.0065599053638098,1
0.1097560975609756,0.0016889174843171,0.0005938170324763,1
0.1571815718157181,0.0048254785266205,0.0017214841831927,1
0.086720867208672,0.0006433971368827,0.0005387039270273,1
0.2628726287262872,0.0012063696316551,0.0034708175246043,1
0.1233062330623306,0.0098922309795721,0.0021194276553914,1
0.5853658536585366,0.0016889174843171,0.0008470068454539,0
0.4390243902439024,0.0,0.0001313626548365,0
0.5623306233062331,0.0006433971368827,0.0002477507932018,0
0.7127371273712737,0.0005629724947723,0.0001888682405032,0
0.2384823848238482,0.000723821778993,0.0003261690656645,1
0.1869918699186991,0.0019301914106482,0.0010544125046231,1
0.7994579945799458,0.0049863278108412,0.0018066840182872,0
0.6666666666666666,0.006594820653048,0.0026426923395743,0
0.6043360433604336,0.0006433971368827,0.0002771146151556,0
0.3563685636856368,0.0039408074634067,0.000987027180503,1
0.005420054200542,0.0106964774006755,0.0013565707076701,1
0.3807588075880759,0.0022518899790895,0.0008528245311633,1
0.2086720867208672,0.0065143960109377,0.0029360379536176,1
0.4864498644986449,0.0053080263792826,0.0018967204500809,0
0.1964769647696476,0.0097313816953514,0.0036349864189741,1
0.3197831978319783,0.0011259449895447,0.0004001466194495,1
0.2411924119241192,0.0126266688113237,0.0025943091604934,1
0.8699186991869918,0.003056136400193,0.0010269936486018,0
0.3414634146341463,0.0013672189158758,0.000627896966514,1
0.005420054200542,0.0195431880328132,0.019920616473648,1
0.032520325203252,0.0149589834325237,0.0050578236650511,1
0.0691056910569105,0.0022518899790895,0.0014001689263154,1
0.505420054200542,0.0008042464211034,0.000635986647826,0
0.5704607046070461,0.0,0.0001755632965582,0
0.2195121951219512,0.0073186424320411,0.0057488889941503,1
0.0582655826558265,0.0208299823065787,0.0024266634243682,1
0.8550135501355014,0.0,0.0004535385161087,0
0.8672086720867209,0.0034582596107447,0.0017495570985542,0
0.1056910569105691,8.042464211034261e-05,0.0002044796042266,1
0.086720867208672,0.0041016567476274,0.0013373964417519,1
0.1205962059620596,0.0086054367058066,0.0013250037384654,1
0.067750677506775,0.0005629724947723,0.0002980445140394,1
0.8482384823848238,0.005870998874055,0.0022611003508787,0
0.5785907859078591,0.000723821778993,0.0013515792021797,0
0.8888888888888888,0.0024127392633102,0.0003534674370705,0
0.062330623306233,0.0210712562329097,0.0018043087501573,1
0.037940379403794,0.0004021232105517,0.0029127499986918,1
0.0948509485094851,0.0023323146211999,0.0010647225452739,1
0.1815718157181571,0.0033778349686343,0.00121704952317,1
0.5609756097560976,0.0008042464211034,0.0003532781041036,0
0.7560975609756098,0.0019301914106482,0.0008545801641289,0
0.7655826558265583,0.0018497667685378,0.0007661960927734,0
0.043360433604336,0.0009650957053241,0.0002599713756093,1
0.0013550135501355,0.0545279073508122,0.010962000116216,1
0.7276422764227642,0.003297410326524,0.0006872614576738,0
0.6761517615176151,0.0024127392633102,0.000937146549775,0
0.021680216802168,0.0049863278108412,0.003251793706104,1
0.2479674796747967,0.0023323146211999,0.0002777686744957,1
0.516260162601626,0.0054688756635032,0.000913720898146,0
0.0528455284552845,0.0114202991796686,0.0047599512718906,1
0.0962059620596205,0.0070773685057101,0.0103634841837435,1
0.5691056910569106,0.0025735885475309,0.0009309501981317,0
0.002710027100271,0.0023323146211999,0.0007476070378437,1
0.8631436314363143,0.0004021232105517,0.0006970895598635,0
0.5840108401084011,0.0068360945793791,0.0030545948150581,0
0.1043360433604336,0.0043429306739585,0.0046048703599309,1
0.1707317073170731,0.0376387325076403,0.0079576301736438,1
0.2655826558265582,0.0021714653369792,0.0007846646630878,1
0.0,0.0448769502975711,0.0289062213849038,1
0.5650406504065041,0.0024931639054206,0.0009148052596835,0
0.4010840108401084,0.0014476435579861,0.0005597370984385,0
0.08130081300813,0.0014476435579861,0.0008594339729161,1
0.505420054200542,0.0051471770950619,0.0006054351918073,0
0.073170731707317,0.0076403410004825,0.0015485543360829,1
0.3441734417344173,0.0001608492842206,9.707617574395464e-05,1
0.0094850948509485,0.0098922309795721,0.0016809669282812,1
0.0040650406504065,0.0129483673797651,0.0042671519832869,1
0.0,0.0056297249477239,0.0022662467651602,1
0.0067750677506775,0.0019301914106482,0.0007403779609266,1
0.4227642276422764,0.0022518899790895,0.000862996875111,0
0.0067750677506775,0.0015280682000965,0.0006586549675875,1
0.8373983739837398,0.0015280682000965,0.0004369804875509,0
0.1734417344173441,0.000723821778993,0.0005289618852771,1
0.067750677506775,0.0013672189158758,0.0017822256413843,1
0.4959349593495935,0.0054688756635032,0.0021173449927557,0
0.4200542005420054,0.000241273926331,0.0001955981668713,0
0.3929539295392953,0.0021714653369792,0.0003788380546319,0
0.5311653116531165,0.0041820813897378,0.000433262676565,0
0.8116531165311653,0.0004021232105517,0.0018021056029063,0
0.9986449864498644,0.003297410326524,0.0002147724327895,0
0.5121951219512195,0.0028952871159723,0.001566902421782,0
0.059620596205962,0.005870998874055,0.0018720899522991,1
0.508130081300813,0.0008042464211034,0.0003156180557831,0
0.0230352303523035,0.0238861187067717,0.0098227148061684,1
0.1287262872628726,0.0022518899790895,0.001571790654745,1
0.1680216802168021,0.0020106160527585,0.0008015325092277,1
0.2804878048780488,0.0079620395689239,0.0027107833592983,1
0.2560975609756097,0.0016084928422068,0.0005491000281176,1
0.0582655826558265,0.0020106160527585,0.001619313229431,1
0.078590785907859,8.042464211034261e-05,0.0001654425888742,1
0.1924119241192411,0.0115811484638893,0.0089124535376899,1
0.6978319783197832,0.0006433971368827,0.0002232235679474,0
0.7601626016260162,0.0022518899790895,0.0008539949531404,0
0.040650406504065,0.0024127392633102,0.0003038794118367,1
0.0040650406504065,0.0121441209586617,0.00456827746106,1
0.9308943089430894,8.042464211034261e-05,0.0002716067470282,0
0.926829268292683,0.000482547852662,0.0002176468514684,0
0.0880758807588075,0.0313656104230336,0.0052558315242281,1
0.1476964769647696,0.0017693421264275,0.0009501072519621,1
0.0013550135501355,0.0049059031687308,0.0013355547483468,1
0.0853658536585365,0.0164066269905098,0.0068772102042069,1
0.016260162601626,0.0388451021392954,0.0040715021801519,1
0.043360433604336,0.0133504905903168,0.0055860626426365,1
0.0284552845528455,0.0064339713688274,0.0011193365001739,1
0.0718157181571815,0.0003216985684413,0.000188231393251,1
0.3604336043360434,0.0004021232105517,0.0002043935437871,1
0.1233062330623306,0.0026540131896413,0.0012329879165635,1
0.1097560975609756,0.0008846710632137,0.0011623322957427,1
0.2303523035230352,0.0012063696316551,0.0001971816789579,1
0.0040650406504065,0.0097313816953514,0.0122078626745271,1
0.1260162601626016,0.0005629724947723,0.0002211753294875,1
0.8834688346883469,0.0047450538845102,0.0005036601160673,0
0.0772357723577235,0.0006433971368827,0.0003232946469855,1
0.070460704607046,0.0505066752452951,0.0110633448897586,1
0.005420054200542,0.0048254785266205,0.0016771802689436,1
0.024390243902439,0.0253337622647579,0.0235846568969937,1
0.2574525745257452,0.0048254785266205,0.0010032581793907,1
0.8536585365853658,0.0013672189158758,0.0005717339237033,0
0.0149051490514905,0.0041016567476274,0.0012148119517433,1
0.016260162601626,0.0105356281164548,0.0015906378909932,1
0.8970189701897019,0.0012063696316551,0.0003121412140277,0
0.5853658536585366,0.003297410326524,0.000539943197356,0
0.1097560975609756,8.042464211034261e-05,0.0006161927467435,1
0.005420054200542,0.046244169213447,0.0240983860844813,1
0.8157181571815718,0.0016889174843171,0.0005666563577734,0
0.0149051490514905,0.0124658195271031,0.0020011633994451,1
0.1192411924119241,0.0073990670741515,0.0009810201618266,1
0.5501355013550135,0.0004021232105517,0.0001740142086474,0
0.5894308943089431,0.0026540131896413,0.0009980429167576,0
0.5826558265582655,0.0016084928422068,0.000541612769882,0
0.0718157181571815,0.0028148624738619,0.0009432568409787,1
0.8468834688346883,0.0016084928422068,0.0004704924226881,0
0.8753387533875339,0.000482547852662,0.0001652360438194,0
0.2940379403794038,0.0023323146211999,0.0004346396435968,1
0.6178861788617886,0.0005629724947723,0.0002306419778313,0
0.0853658536585365,0.0038603828212964,0.0036155711838253,1
0.2696476964769648,0.0068360945793791,0.0011369444660934,1
0.0392953929539295,0.0106160527585652,0.0039531346516782,1
0.1395663956639566,0.0098922309795721,0.0054074183823446,1
0.573170731707317,0.0053884510213929,0.0063651161650697,0
0.7425474254742548,0.0012063696316551,0.0002825880591071,0
0.1666666666666666,0.0082837381373652,0.0046735638027312,1
0.6504065040650406,0.0024931639054206,0.00078800380814,0
0.2289972899728997,0.0020106160527585,0.0008668007465364,1
0.051490514905149,0.0047450538845102,0.0003992860150546,1
0.021680216802168,0.0389255267814058,0.0138215647633034,1
0.9010840108401084,0.0014476435579861,0.0004259991754721,0
0.010840108401084,0.0067556699372687,0.0031377119875169,1
0.3441734417344173,0.0288724465176129,0.0048098663267944,1
0.0284552845528455,0.0090075599163583,0.0005067066556252,1
0.8577235772357723,0.0017693421264275,0.0002476130964986,0
0.0420054200542005,0.0097313816953514,0.0016796760216888,1
0.032520325203252,0.0044233553160688,0.0011474266276232,1
0.0149051490514905,0.015039408074634,0.0052821143824481,1
0.5853658536585366,0.0010455203474344,0.0004142605315257,0
0.032520325203252,0.0107769020427859,0.0064008312474577,1
0.0149051490514905,0.0073186424320411,0.0033294890708749,1
0.2276422764227642,0.0024127392633102,0.001523596808631,1
0.4525745257452574,0.0003216985684413,0.0001265088460493,0
0.002710027100271,0.0504262506031848,0.0111069448296127,1
0.0718157181571815,0.0106160527585652,0.0035852262728614,1
0.924119241192412,0.0,0.0001844103097377,0
0.0609756097560975,0.0036995335370757,0.0012883247791551,1
0.3075880758807588,0.0037799581791861,0.0015472978536664,1
0.0067750677506775,0.0444748270870194,0.0047375755576234,1
0.0447154471544715,0.0118224223902203,0.001801658088621,1
0.924119241192412,0.0,2.681643294487257e-05,0
0.978319783197832,0.0015280682000965,0.0004347601282121,0
0.0040650406504065,0.0156828052115168,0.0025610898308506,1
0.1097560975609756,0.0100530802637928,0.0110011404040957,1
0.0230352303523035,0.0560559755509088,0.1065787457152228,1
0.4756097560975609,0.0061926974424963,0.0020964150938719,0
0.5826558265582655,0.0012867942737654,0.0003924356040713,0
0.3292682926829268,0.0026540131896413,0.0009650301321695,1
0.0907859078590785,0.0226797490751166,0.0034863428278882,1
0.4905149051490515,0.0061926974424963,0.0013752113988635,0
0.010840108401084,0.0095705324111307,0.0047531008609073,1
0.7642276422764228,0.0004021232105517,0.0002138601921309,0
0.1151761517615176,0.0012063696316551,0.0013569665856918,1
0.1138211382113821,0.0242078172752131,0.0155872840123938,1
0.073170731707317,0.0026540131896413,0.00062318085443,1
0.0338753387533875,0.0015280682000965,0.0005946087885196,1
0.1355013550135501,0.0121441209586617,0.0042080973097093,1
0.8970189701897019,0.0010455203474344,0.0003987696524177,0
0.7411924119241192,0.0,8.003620872506897e-05,0
0.0013550135501355,0.0039408074634067,0.001404110494444,1
0.3333333333333333,0.0025735885475309,0.0013191688406681,1
0.2005420054200542,0.0049059031687308,0.0023218245969824,1
0.029810298102981,0.0065143960109377,0.0016732042766392,1
0.021680216802168,0.0164066269905098,0.0061873325091726,1
0.5149051490514905,0.0013672189158758,0.0002495924866069,0
0.0975609756097561,0.0038603828212964,0.0033078879005631,1
0.6517615176151762,0.0031365610423033,0.000727830348849,0
0.4132791327913279,0.0112594498954479,0.0012886518088252,0
0.2940379403794038,0.0045842046002895,0.0020552609917081,1
0.035230352303523,0.0012867942737654,0.00039400190407,1
0.016260162601626,0.0254141869068682,0.0110020698568422,1
0.0,0.0164870516326202,0.0104681853144262,1
0.0392953929539295,0.0039408074634067,0.0018451186105631,1
0.4092140921409214,0.0029757117580826,0.0010863753518495,0
0.2533875338753387,0.000482547852662,0.0001902796317108,1
0.8631436314363143,0.0008846710632137,0.0003351193513714,0
0.032520325203252,0.0010455203474344,0.0003360660162058,1
0.0772357723577235,0.0051471770950619,0.0017278870798908,1
0.1138211382113821,0.0018497667685378,0.0006385856730986,1
0.002710027100271,0.0213929548013511,0.0019679612818902,1
0.2682926829268293,0.0046646292423998,0.0019357746775212,1
0.2005420054200542,0.0510696477400675,0.0114923561806129,1
0.0094850948509485,0.0276660768859578,0.0025019490968335,1
0.1138211382113821,0.0038603828212964,0.0013382914703226,1
0.3523035230352303,0.003297410326524,0.0013353998395558,1
0.037940379403794,0.006594820653048,0.001848836421549,1
0.0013550135501355,0.0197844619591442,0.0015352838163136,1
0.1287262872628726,0.0129483673797651,0.0044038503853717,1
0.481029810298103,0.006353546726717,0.0021686198026035,0
0.0609756097560975,0.0008042464211034,0.0010430869507863,1
0.05420054200542,0.0028148624738619,0.000932086195933,1
0.1544715447154471,0.0181759691169374,0.0077235285661449,1
0.089430894308943,0.017612996622165,0.0031343556303768,1
0.1422764227642276,0.0028148624738619,0.0009544102739365,1
0.0203252032520325,0.0041820813897378,0.0014844048844876,1
0.051490514905149,0.0526781405822744,0.0124018773293118,1
0.6273712737127372,0.0021714653369792,0.0033579922884338,0
0.1192411924119241,0.0056297249477239,0.0030848020293189,1
0.0094850948509485,0.005870998874055,0.0029556425217333,1
0.029810298102981,0.0108573266848962,0.005507782066877,1
0.1084010840108401,0.0113398745375583,0.0022241115739862,1
0.6287262872628726,0.0098922309795721,0.0033696104477648,0
0.2086720867208672,0.0025735885475309,0.000288164775586,1
0.0257452574525745,0.020427859096027,0.0208273148399317,1
0.6084010840108401,0.0043429306739585,0.0004982555204673,0
0.1300813008130081,0.0279877754543992,0.0080011939681133,1
0.3617886178861789,0.0020910406948689,0.0006094628203754,1
0.078590785907859,0.0247707897699855,0.0105551924187499,1
0.5663956639566395,0.005870998874055,0.0015753879811157,0
0.0257452574525745,0.0423837863921505,0.0085441320687635,1
0.9823848238482384,0.0012063696316551,0.0004097337524086,0
0.8360433604336044,0.0115007238217789,0.0020255873521722,0
0.1436314363143631,0.0003216985684413,8.87455252013883e-05,1
0.5230352303523035,0.006353546726717,0.0005689627775518,0
0.575880758807588,0.003297410326524,0.0012355697297481,0
0.051490514905149,0.0049059031687308,0.0071602285655115,1
0.2127371273712737,0.0053884510213929,0.0013508218703122,1
0.1002710027100271,0.0012063696316551,0.00042331408976,1
0.0149051490514905,0.0274248029596268,0.005926053014883,1
0.991869918699187,0.0036191088949654,0.0006394462774935,0
0.0392953929539295,0.0066752452951584,0.0011796992924317,1
0.3794037940379404,0.003056136400193,0.0010491972419901,1
0.2398373983739837,0.0012063696316551,0.0006279486027777,1
0.1002710027100271,0.0048254785266205,0.0015960424865931,1
0.2330623306233062,0.0083641627794756,0.0010686813254904,1
0.5230352303523035,0.0025735885475309,0.0004704235743365,0
0.8102981029810298,0.0021714653369792,0.0007659379114549,0
0.8414634146341463,0.0013672189158758,0.0011820573484737,0
0.4363143631436314,0.0069165192214894,0.0015188979086349,0
0.1707317073170731,0.0051471770950619,0.0038671258484526,1
0.0121951219512195,0.0037799581791861,0.0014265550570628,1
0.518970189701897,0.0059514235161653,0.0021033859894706,0
0.0121951219512195,0.003056136400193,0.0013337646912055,1
0.6084010840108401,0.0022518899790895,0.001168356526507,0
0.6897018970189702,0.0140743123693099,0.0074630924641623,0
0.05420054200542,0.0389255267814058,0.0031879368600029,1
0.502710027100271,0.0048254785266205,0.000384552467814,0
0.2384823848238482,0.003056136400193,0.0011608692682714,1
0.062330623306233,0.0006433971368827,0.0044757280644332,1
0.067750677506775,0.0069969438635998,0.0031283313996126,1
0.048780487804878,0.000723821778993,0.0002599885876972,1
0.1287262872628726,0.0217146533697925,0.0090490486672473,1
0.0447154471544715,0.0160849284220685,0.0078049417419018,1
0.2235772357723577,0.0055493003056136,0.0020781014323486,1
0.2249322493224932,0.0185780923274891,0.0013830601109449,1
0.535230352303523,0.0019301914106482,0.0008759403652102,0
0.013550135501355,0.0333762264757921,0.0031034427205123,1
0.089430894308943,0.0012063696316551,0.0006436288148527,1
0.0013550135501355,0.0115007238217789,0.0047657345334243,1
0.6937669376693767,0.0003216985684413,0.0001368016746122,0
0.2899728997289973,0.0062731220846067,0.002258862779452,1
0.0121951219512195,0.0382017050024127,0.0053763161395131,1
0.3726287262872628,0.0005629724947723,0.0010647913936255,1
0.1991869918699187,0.0,0.0006171566236658,1
0.7710027100271003,0.0003216985684413,0.0001511221317432,0
0.7520325203252033,0.0029757117580826,0.0011325898078552,0
0.3943089430894309,0.0333762264757921,0.0083445062733241,0
0.8861788617886179,0.0011259449895447,0.001128252361705,0
0.1544715447154471,0.0255750361910889,0.0049307123959253,1
0.2588075880758808,0.0025735885475309,0.0011428826364181,1
0.0121951219512195,0.0062731220846067,0.0022867119376707,1
0.0149051490514905,0.0661894804568119,0.0244269476303636,1
0.005420054200542,0.0016889174843171,0.0006806175917452,1
0.1138211382113821,0.0001608492842206,2.2892076904159517e-05,1
0.0040650406504065,0.0195431880328132,0.0072957909697951,1
0.4864498644986449,0.0020106160527585,0.0019998724928528,0
0.002710027100271,0.0170500241273926,0.0014276910548641,1
0.0,0.0835612031526459,1.0,1
0.3563685636856368,0.0006433971368827,0.0004149145908659,1
0.0230352303523035,0.034743445391668,0.0054644076053744,1
0.2913279132791327,0.0183368184011581,0.0031040279315008,1
0.3902439024390244,0.0008846710632137,0.00120828857043,0
0.024390243902439,0.0064339713688274,0.0019366180698282,1
0.013550135501355,0.1020588708380247,0.0351046384786827,1
0.0772357723577235,0.0223580505066752,0.0087460298598054,1
0.1815718157181571,0.0053080263792826,0.0025649969748034,1
0.1233062330623306,0.0071577931478204,0.0031175394205006,1
0.9986449864498644,0.0,0.0003697156480461,0
0.0826558265582655,0.015280682000965,0.0009088154530951,1
0.0013550135501355,0.0390863760656265,0.0191009940600396,1
0.4200542005420054,0.0040212321055171,0.0006446787522145,0
0.508130081300813,0.0024127392633102,0.001252781817646,0
0.5284552845528455,0.000482547852662,0.0004944172248661,0
0.024390243902439,0.0027344378317516,0.0009154248948479,1
0.016260162601626,0.0073990670741515,0.0028689796591676,1
0.3184281842818428,0.0049863278108412,0.0051821121517615,1
0.6476964769647696,0.000723821778993,0.0005100974369411,0
0.0230352303523035,0.0,0.0005543669270144,1
0.024390243902439,0.0161653530641788,0.0059136603115966,1
0.8848238482384824,0.0027344378317516,0.0003449818777368,0
0.3252032520325203,0.0021714653369792,0.0010731736804318,1
0.2520325203252032,0.0025735885475309,0.0004427981732604,1
0.1287262872628726,0.0111790252533376,0.0079286794417995,1
0.3292682926829268,0.0010455203474344,0.0001937220492904,1
0.2222222222222222,0.0021714653369792,0.0008103967344951,1
0.5650406504065041,0.0087662859900273,0.0015471429448753,0
0.5067750677506775,0.0084445874215859,0.0034627622674681,0
0.0203252032520325,0.0009650957053241,0.0009223269420949,1
0.0121951219512195,0.0772880810680392,0.0068725457283866,1
0.0718157181571815,0.003056136400193,0.0003251019162148,1
0.0203252032520325,0.0013672189158758,0.0003797330832026,1
0.1436314363143631,0.0095705324111307,0.001641396338204,1
0.4308943089430894,0.0115811484638893,0.0021894636410478,0
0.7317073170731707,0.0015280682000965,0.0002739648030703,0
0.2967479674796748,0.0029757117580826,0.0010509528749556,1
0.1802168021680217,0.0013672189158758,0.0004158784677881,1
0.0121951219512195,0.0082837381373652,0.0015339584855455,1
0.2886178861788618,0.0012063696316551,0.0007342676697228,1
0.924119241192412,0.0,8.42703823479436e-05,0
0.0311653116531165,0.0041820813897378,0.0025918822560998,1
0.051490514905149,0.0257358854753096,0.0157223472661283,1
0.0392953929539295,0.0012867942737654,0.0003157385403984,1
0.086720867208672,0.0101335049059031,0.0045204106446161,1
0.013550135501355,8.042464211034261e-05,0.0005920958236865,1
0.010840108401084,0.0057101495898343,0.001004204844225,1
0.005420054200542,0.0074794917162618,0.0012965521571703,1
0.6002710027100271,0.0039408074634067,0.0011683048902433,0
0.0094850948509485,0.0389255267814058,0.0205844006434291,1
0.0040650406504065,0.0284703233070612,0.0068413746372036,1
0.043360433604336,0.0155219559272961,0.0062563185574673,1
0.5799457994579946,0.0160849284220685,0.0018576834347285,0
0.1002710027100271,0.003538684252855,0.0013554863461326,1
0.5799457994579946,0.0020910406948689,0.0001170938339691,0
0.4864498644986449,0.0,0.0001387982768083,0
0.005420054200542,0.000482547852662,0.0001549776394323,1
0.508130081300813,0.0037799581791861,0.0007166252796275,0
0.0853658536585365,0.003056136400193,0.0012333149462335,1
0.924119241192412,0.0012063696316551,0.0007803616411133,0
0.6097560975609756,0.0034582596107447,0.002023762870855,0
0.029810298102981,0.0,5.1636263693592886e-05,1
0.1165311653116531,0.000241273926331,0.0001929130811592,1
0.0040650406504065,0.0099726556216824,0.0279869754065426,1
0.4078590785907859,0.0017693421264275,0.0009124988399052,0
0.0853658536585365,0.0019301914106482,0.001422992154868,1
0.0420054200542005,0.0040212321055171,0.0049404200134997,1
0.9959349593495936,0.0008042464211034,0.0006046606478519,0
0.08130081300813,0.1046324593855557,0.0238179839605372,1
0.0311653116531165,0.0027344378317516,0.0021091004026526,1
0.3536585365853658,0.0011259449895447,0.0009112079333129,1
0.2506775067750677,0.0164066269905098,0.0019050683127114,1
0.0149051490514905,0.0266205565385234,0.0098169487567226,1
0.043360433604336,0.003538684252855,0.0013371227695543,1
0.0311653116531165,0.0116615731059996,0.010250159797024,1
0.0772357723577235,0.0057101495898343,0.0013612351834904,1
0.0040650406504065,0.0172912980537236,0.0965227038455109,1
0.8075880758807588,0.0017693421264275,0.0007550082356398,0
0.040650406504065,0.0157632298536271,0.0031327893303781,1
0.002710027100271,0.0182563937590477,0.0072638797588324,1
0.0203252032520325,0.0013672189158758,0.0011303006001648,1
0.3319783197831978,0.0025735885475309,0.001056116501325,1
0.5230352303523035,0.0013672189158758,0.0003909725765999,0
0.3062330623306233,0.0047450538845102,0.0008807081135579,1
0.0311653116531165,0.0014476435579861,0.0005652449665658,1
0.2696476964769648,0.0053884510213929,0.0024045114672437,1
0.6382113821138211,0.0040212321055171,0.0014187579812451,0
0.9769647696476964,0.000723821778993,0.0005060353841972,0
0.8563685636856369,0.0013672189158758,0.0006699977335122,0
0.3658536585365853,0.0010455203474344,0.0006315287170605,1
0.5365853658536586,0.0042625060318481,0.0003662388062907,0
0.3170731707317073,0.0020910406948689,0.0003616259667341,1
0.010840108401084,0.0280682000965095,0.0374504911503705,1
0.0907859078590785,0.0016084928422068,0.0007343193059865,1
0.5433604336043361,0.0041820813897378,0.0012182543693229,0
0.0718157181571815,0.0192214894643718,0.0075772602431889,1
0.5365853658536586,0.0061926974424963,0.0026728307054835,0
0.08130081300813,0.0043429306739585,0.000738278086203,1
0.0,0.0001608492842206,0.2899763478372942,1
0.8644986449864499,0.000723821778993,0.0002796103679008,0
0.8482384823848238,0.0,0.0188532604789256,0
0.9146341463414634,0.0012063696316551,0.0003580114282755,0
0.0,0.0726234518256393,0.0206078951434097,1
0.943089430894309,0.0024931639054206,0.0011341905320297,0
0.5894308943089431,0.0013672189158758,0.0007459030411418,0
0.6504065040650406,0.0008846710632137,0.0003242757359957,0
0.005420054200542,0.0073186424320411,0.0067802545130782,1
0.0257452574525745,0.0017693421264275,0.0005285660072555,1
0.1720867208672086,0.0027344378317516,0.0012579626561033,1
0.4756097560975609,0.0025735885475309,0.0011556712177263,0
0.5447154471544715,0.0,0.0001540481866858,0
0.075880758807588,0.0023323146211999,0.0013423707351544,1
0.0149051490514905,0.0481743606240952,0.0066995470329252,1
0.7913279132791328,8.042464211034261e-05,0.0019380810972995,0
0.0392953929539295,0.0019301914106482,0.0006550920653927,1
0.010840108401084,0.0365932121602058,0.0162659394261186,1
0.0392953929539295,0.0015280682000965,0.0006406683357343,1
0.524390243902439,0.0021714653369792,0.0002934660986585,0
0.0257452574525745,0.0033778349686343,0.0013066900769421,1
0.6802168021680217,8.042464211034261e-05,0.0002637580349468,0
0.0975609756097561,0.0017693421264275,0.0010405567738653,1
0.518970189701897,0.0017693421264275,0.0001963899229146,0
0.3062330623306233,0.0003216985684413,0.0034389751619932,1
0.4227642276422764,0.0032169856844137,0.000892309060801,0
0.7737127371273713,0.0010455203474344,0.0003954477194534,0
0.6612466124661247,0.0032169856844137,0.0007467464334488,0
0.0013550135501355,0.0264597072543027,0.0047172308697281,1
0.3523035230352303,0.0005629724947723,0.0002667013019774,1
0.029810298102981,0.0101335049059031,0.0014064341263102,1
0.086720867208672,0.0020106160527585,0.0014304277768399,1
0.8008130081300813,0.0057101495898343,0.0071565796028772,0
0.086720867208672,0.0028952871159723,0.0009819496145731,1
0.8699186991869918,0.0028148624738619,0.0010945166694251,0
0.0392953929539295,0.0167283255589512,0.0025317087968089,1
0.3604336043360434,0.0005629724947723,0.003700048111228,1
0.0230352303523035,0.0081228888531446,0.0029671229843612,1
0.0230352303523035,0.003297410326524,0.010160002880615,1
0.1531165311653116,0.0067556699372687,0.003611922221191,1
0.048780487804878,0.0031365610423033,0.0013138503055076,1
0.2953929539295393,0.0039408074634067,0.0018309530622232,1
0.3902439024390244,0.0023323146211999,0.0009545823948155,0
0.0826558265582655,0.0005629724947723,0.0009597804453607,1
0.086720867208672,0.0010455203474344,0.0004023497667004,1
0.1815718157181571,0.0036995335370757,0.0009117759322135,1
0.0013550135501355,0.0231622969277786,0.0078457688143955,1
