Recency,Frequency,Monetary
49,29,1982.6100000000001
379,46,682.54
128,95,1357.46
24,8,135.86
238,1,30.599999999999998
47,24,110.21000000000001
162,13,127.1
10,3093,12781.8
400,17,396.71
275,70,3255.96
446,31,566.7
22,106,2099.54
0,26,563.94
96,397,3273.83
9,44,862.18
3,54,896.6
173,13,177.34
23,23,484.82
198,44,964.6999999999999
59,55,892.47
24,100,1252.74
11,149,7730.59
422,31,1370.34
628,42,176.71
105,311,5345.55
14,188,729.25
96,77,280.76
56,13,158.75
61,25,112.08
127,162,2975.8
60,512,3258.68
137,159,1715.1399999999999
21,474,8548.16
436,25,391.95
476,30,140.39000000000001
114,36,605.0600000000001
14,131,2485.9700000000003
103,140,3583.45
696,72,360.35
19,19,371.2
25,88,2989.7
7,133,4863.31
7,43,1172.46
439,43,311.77
368,64,690.83
38,12,206.34
337,10,401.9
204,253,1826.0
725,8,162.25
227,69,1065.3500000000001
4,258,8898.24
78,91,1741.41
410,272,5400.461
652,41,4376.25
213,41,533.3
423,16,322.93
366,36,1162.0
26,147,4120.04
8,58,1477.94
1,2,360.0
75,20,303.43
74,18,6501.5
45,80,1481.4
588,21,146.56
33,292,1430.54
40,144,3739.01
126,129,7335.75
49,30,1212.8400000000001
379,35,1227.54
31,669,3239.57
122,205,2293.33
236,47,854.99
14,127,1933.2
49,337,6695.28
161,28,405.38
44,133,3197.82
33,547,26437.05
162,56,777.36
366,11,173.55
437,109,2124.46
312,74,214.37
560,7,135.95
64,76,1449.03
3,898,126389.02
44,300,2859.31
516,143,784.48
411,27,418.08
373,132,586.24
37,18,364.21999999999997
8,182,3292.73
726,18,228.34
39,42,650.41
292,83,505.82
64,45,1158.79
56,400,2236.77
67,10,6156.53
72,19,353.03
25,83,2989.2200000000003
119,60,1038.92
592,14,184.91
627,21,223.91000000000003
75,25,371.62
434,39,661.39
499,6,313.91999999999996
214,50,702.6
45,3,95.85
8,244,2778.14
127,57,1009.6
30,91,3195.6
106,42,706.57
375,145,570.18
9,10,168.24
59,129,2245.9
550,7,90.96
16,198,5454.95
361,43,539.14
302,348,1688.26
142,1,451.42
266,7,177.15
106,33,1520.96
17,19,486.71999999999997
73,90,9961.93
1,3854,528602.52
74,59,1346.27
201,16,2615.6
5,373,12518.65
73,99,5232.2300000000005
434,107,2605.62
25,47,1013.26
247,142,530.17
4,54,1077.45
29,41,352.98
169,207,790.0
44,155,2626.47
408,43,732.94
724,1,60.48
9,14,202.11
7,1112,8337.53
53,2,835.1999999999999
395,23,111.15
73,64,920.81
137,53,792.51
248,110,2386.19
597,14,731.2
2,84,2225.91
437,87,500.92
364,11,773.05
312,32,1189.45
555,5,93.6
386,71,1361.28
1,1257,9074.05
50,118,2247.31
2,131,3289.66
8,52,3248.96
4,343,3965.2
77,74,2648.62
81,62,1179.89
425,131,984.62
376,91,383.78000000000003
421,4,1325.0
17,247,6407.83
596,29,1123.75
29,7,126.14
536,21,467.5
579,24,403.39
7,730,8736.49
95,113,1884.55
40,403,7098.24
500,1,40.8
33,20,125.58
262,37,292.47
8,189,3084.54
103,28,417.06
264,66,1584.97
388,14,293.74
33,26,134.46
92,31,571.35
467,36,954.75
269,21,138.28
382,76,1198.09
17,1305,11889.33
24,50,2201.96
395,4,102.6
535,6,116.18
53,90,2092.66
18,68,1055.17
386,47,263.49
551,30,179.6
70,29,1631.77
435,47,919.7
23,101,918.71
3,36,680.99
241,30,135.19
686,11,181.39
394,51,854.15
732,16,209.41
23,42,829.4100000000001
51,220,3469.3
218,96,1712.26
17,63,1766.72
17,25,501.12
79,157,1064.77
5,310,5866.63
40,72,2362.91
10,41,763.28
319,8,155.0
408,75,1185.46
383,37,344.61
7,12,1133.25
155,96,1445.031
58,306,5678.16
484,8,449.96999999999997
11,158,900.53
1,1493,10169.33
511,6,175.5
218,42,727.11
9,419,2553.8
626,53,222.22000000000003
106,12,156.51
326,13,434.23
26,279,1193.6299999999999
29,91,1455.8700000000001
33,4,148.44
72,140,3605.21
423,21,348.16
197,40,707.69
18,51,1313.19
187,86,1514.81
417,25,457.7
239,292,6460.7
494,30,549.05
436,13,205.41000000000003
654,52,207.04
596,38,451.73
35,14,226.85
680,13,138.18
218,6,134.7
390,9,148.33
278,113,753.56
75,19,420.5
208,23,63.440000000000005
4,235,2211.05
413,6,385.55
318,24,328.35
491,8,170.88
371,96,1169.6100000000001
203,59,394.93
53,348,6579.78
211,68,9864.26
35,87,4275.22
277,34,321.11
35,247,4073.13
602,5,122.45
17,100,1422.52
402,49,1433.33
17,173,3724.06
215,45,776.46
78,127,3566.56
667,4,55.5
8,238,4608.75
1,23,398.7
23,156,1348.88
45,7,179.33999999999997
37,223,1350.48
25,9,98.42
457,38,622.8199999999999
23,87,13370.86
14,167,3408.06
53,270,4814.37
477,17,328.95
68,113,4919.35
133,16,603.46
191,13,443.06
39,158,3103.19
4,238,3774.81
24,178,1188.34
5,923,21323.22
37,38,6814.64
610,27,433.71999999999997
114,103,437.42
22,504,11214.75
621,47,594.62
140,10,160.35000000000002
19,46,870.09
81,37,592.97
373,63,410.79
35,20,308.94
107,125,5201.47
17,174,1446.09
218,15,916.6099999999999
30,231,3400.12
659,17,307.3
491,2,122.39999999999999
423,70,769.9200000000001
68,110,1288.34
724,13,454.54
669,9,314.1
399,93,1624.84
53,35,170.22
65,28,591.73
52,112,3243.69
107,31,498.93
10,98,1071.91
581,16,267.9
653,13,186.05
40,107,1278.75
3,223,4555.08
11,33,626.45
576,187,4536.64
2,1868,172132.87
75,53,769.29
19,62,1094.59
234,16,280.55
52,92,1825.94
302,21,302.7
66,344,6486.091
157,11,214.79999999999998
621,17,127.65
634,47,1439.6100000000001
232,13,225.15
309,73,1679.56
0,356,49638.26
25,343,4400.18
81,64,402.7
112,9,139.26
374,1,10.95
56,40,16679.78
409,9,147.66
115,6,543.05
418,16,280.88
439,16,295.73
161,448,11403.41
640,13,291.76
394,50,384.56
67,564,2134.4900000000002
648,42,170.3
61,68,959.37
8,60,1020.42
2,1139,7331.67
4,66,908.35
5,467,4721.25
512,226,855.71
472,15,271.75
232,23,73.5
15,167,3285.31
486,1,30.599999999999998
86,66,3168.94
22,257,2859.46
150,101,2744.0299999999997
485,9,157.70000000000002
239,89,1275.25
386,2,195.0
24,158,3850.79
78,264,23419.29
3,56,381.97
28,34,384.52
204,25,371.63
318,15,270.48
5,47,774.52
78,15,307.76
729,5,71.78999999999999
14,432,1899.79
64,54,456.41
262,8,114.56
247,38,1515.0
458,12,208.62
140,204,3734.6600000000003
374,57,619.08
10,9,144.91000000000003
110,16,4092.0
505,143,2956.56
1,92,2409.04
189,92,1000.27
331,3,197.65
234,23,409.40000000000003
37,41,615.14
442,48,1182.22
284,14,154.99
12,1083,13157.130000000001
38,365,7679.59
53,92,1668.83
8,623,2500.59
29,5,91.68
365,60,975.5600000000001
21,81,829.89
413,11,179.4
89,19,303.15
72,76,1265.82
505,92,2297.66
24,36,744.85
401,38,1993.34
0,811,17951.17
24,14,213.78
4,41,786.46
170,104,289.4
2,53,758.29
225,34,1417.95
8,143,2618.23
462,21,136.31
421,234,1079.66
78,19,343.21
24,89,3466.37
106,213,3614.34
129,10,111.35
78,214,4303.06
18,255,4667.57
23,60,536.99
23,480,2966.0
723,16,323.25
112,35,699.4
269,71,1509.34
498,36,603.25
625,67,1201.52
688,9,148.22
11,50,2773.85
8,275,9916.73
299,38,436.18
421,24,2020.4
21,12,230.22
428,190,3084.02
105,14,449.52
65,125,2416.9
18,53,761.59
44,29,522.91
387,24,643.0
88,7,356.85
73,5,1117.9
262,39,819.45
245,9,150.5
730,2,285.29999999999995
401,15,240.5
21,225,4279.2
16,40,979.12
22,24,434.98
7,223,88612.52
11,815,11650.85
456,18,326.65
504,62,220.13
3,211,4184.01
21,67,746.39
543,1,305.28000000000003
179,45,342.83
737,6,87.30000000000001
42,155,4182.99
19,3,90.30000000000001
35,155,1097.98
420,15,370.45
326,36,515.86
22,138,2380.13
18,169,2656.56
138,14,644.3
192,19,139.35
28,41,957.59
159,31,154.55
546,24,216.39999999999998
584,12,289.87
416,145,2093.46
52,41,797.59
7,373,7229.45
45,103,4228.85
15,203,23763.13
21,23,403.70000000000005
17,13,320.46
577,1,88.5
54,102,2416.9
421,32,157.85999999999999
37,24,399.65000000000003
407,8,107.24
18,52,977.9300000000001
37,39,576.0
43,29,821.45
5,1359,10608.81
646,23,108.52
400,1,69.6
242,8,185.65
32,199,2593.65
476,24,996.61
65,8,273.35
21,8,722.74
11,47,1643.18
3,30,1709.1
313,121,889.75
267,10,1308.48
70,105,2140.28
45,344,11942.52
74,80,1067.52
649,38,595.7
535,6,98.7
9,74,1543.18
14,85,1596.29
242,23,620.27
22,785,4783.66
611,7,209.4
373,128,590.4399999999999
2,307,5503.15
61,232,2774.46
427,104,1550.63
0,720,31466.760000000002
438,45,11880.84
151,12,735.66
16,938,7995.36
407,6,94.92
77,161,2334.16
148,10,170.4
11,307,6135.04
39,75,801.31
428,102,2729.84
31,295,6911.4400000000005
29,24,382.98
71,74,1006.53
592,38,1139.1
680,1,76.32000000000001
15,32,537.48
560,21,217.73
407,105,1596.29
448,3,229.2
219,4,203.86999999999998
64,58,1025.17
24,31,279.77
547,35,662.33
19,48,217.71
389,11,241.68
213,16,311.3
95,154,3100.09
584,23,405.1
264,34,267.18
16,60,409.65
264,5,211.5
379,55,1229.95
43,32,236.09
354,94,1580.54
435,100,1767.12
77,15,259.17
491,17,199.45000000000002
3,267,5356.23
39,586,3924.91
99,10,165.0
45,27,656.63
277,22,117.55
252,44,707.04
539,95,1698.56
109,38,10986.63
66,234,5580.2699999999995
77,51,795.12
626,9,156.6
96,174,3520.2200000000003
8,138,2330.77
16,1061,13023.4
302,16,238.85
30,11,175.92
474,18,382.81
74,13,544.08
43,153,3715.38
359,39,290.34
177,10,302.46000000000004
44,10,573.22
22,273,3486.15
60,19,127.89999999999999
434,40,834.4399999999999
329,22,437.05
63,88,1631.3600000000001
336,11,1660.35
474,19,321.65000000000003
170,125,753.18
66,31,132.18
110,68,1084.57
30,183,1813.21
51,29,559.97
99,23,288.42
260,18,409.57
3,160,2689.52
12,225,2761.65
51,5,38.45
239,13,178.96
235,179,2144.23
131,31,1598.12
38,75,1207.5
380,197,1629.35
155,318,3270.79
628,7,381.0
206,342,9490.17
17,47,742.1899999999999
381,48,796.9
49,3,240.55
733,9,147.4
89,226,3297.9300000000003
379,12,544.6
100,155,2727.72
50,392,5511.41
156,301,1427.6
22,197,21429.39
19,17,255.4
446,34,931.12
204,24,406.76
501,294,2354.97
2,779,7801.93
51,190,3708.3
94,35,567.05
472,45,506.75
310,17,334.4
109,384,2064.71
28,172,4460.51
1,418,1727.94
44,136,1547.93
28,97,2985.13
450,77,2240.9
24,647,9762.77
380,58,639.24
632,63,34095.26
123,478,1928.93
30,28,671.7
18,18,178.26
21,33,918.44
98,121,2102.68
382,68,1276.66
156,6,323.58
218,18,1091.7
143,97,1603.99
500,17,2074.07
33,133,2361.9
19,181,756.39
3,12,172.06
54,80,288.96999999999997
387,5,101.16
8,12,353.27
19,85,978.69
284,100,1794.32
18,371,1580.29
1,34,597.3299999999999
43,167,3608.34
22,564,20276.37
172,262,2099.89
64,101,2093.94
534,1,320.0
12,82,852.88
505,1,79.9
157,41,946.38
386,19,295.13
553,112,957.25
39,47,8409.6
156,614,4909.66
381,3,359.4
385,25,503.01
135,43,752.6
369,96,329.03000000000003
260,3,40.5
619,8,167.4
386,106,1711.6599999999999
500,50,1071.82
375,84,728.75
56,144,3541.77
214,35,947.61
21,611,3665.5299999999997
28,27,585.27
123,987,7847.67
95,26,497.61
473,329,1027.03
25,245,971.32
46,6,278.3
630,1,322.69
682,1,56.73
4,46,120.03
8,349,12160.31
29,32,1328.0700000000002
1,756,24311.2
14,767,11924.85
108,44,297.99
217,28,952.41
63,11,146.87
536,20,75.28
666,19,390.85
731,13,323.39
245,51,1015.24
9,55,1298.66
666,25,370.63
37,166,3326.86
262,57,393.45
18,274,1728.99
77,46,690.59
371,3,39.75
435,67,2878.96
15,39,686.24
490,40,758.62
645,13,367.15000000000003
2,97,1036.58
14,97,1568.63
47,92,761.96
322,91,586.89
7,268,4939.99
18,11,195.36
40,182,781.7
415,91,1110.83
70,192,3229.16
106,30,150.35
375,75,979.85
28,68,547.0
16,33,780.5
36,99,1741.95
35,261,5564.09
499,22,289.7
432,14,244.60000000000002
4,428,7807.91
26,1050,7829.26
14,19,358.49
33,159,488.06
72,51,9971.65
437,7,136.65
87,108,26278.86
17,9,229.5
35,391,10432.22
380,47,228.07
413,77,1161.2
15,1,49.8
26,687,14059.19
383,37,147.27
52,86,1380.73
9,97,3509.43
11,68,1314.81
24,44,682.9100000000001
23,447,8346.66
30,25,354.42
260,23,335.32
575,49,1575.68
382,87,1496.6
22,84,1424.94
383,199,1191.23
430,64,621.51
77,29,114.18
406,4,81.15
4,482,10020.86
127,230,2993.05
32,282,2016.98
9,185,2863.45
683,38,203.14
537,7,134.36
541,41,395.07
682,1,21.0
10,111,2976.38
7,58,1156.32
39,276,4600.15
3,159,2780.15
3,366,12240.16
158,39,907.14
351,30,865.2
149,73,1732.47
5,79,1387.79
0,53,880.81
66,232,3950.7
106,9,138.14
89,18,305.62
95,36,320.39
154,18,315.06
528,21,316.48
4,150,955.26
217,4,59.9
319,6,200.10000000000002
411,21,373.02
409,15,251.04
725,17,157.32999999999998
393,19,304.2
372,35,678.11
77,144,2287.19
2,425,9061.77
21,130,2099.59
23,20,497.45
8,498,2512.29
159,12,99.14
393,13,591.96
5,464,1660.29
32,612,4121.68
32,225,5969.93
119,207,6520.3
415,237,1140.11
22,380,12185.51
3,75,329.36
93,22,353.48
4,227,4618.24
9,61,4014.1
389,25,400.06
33,567,3100.02
4,87,1845.31
156,75,2951.11
484,39,481.88
113,31,612.06
46,69,2324.36
72,18,1158.8
37,7,5120.0
14,52,1120.74
382,302,946.72
58,30,501.56
308,59,895.47
414,29,205.75
16,58,1276.42
49,226,5133.49
623,258,1700.24
179,70,1109.53
107,18,213.55
8,335,14070.25
736,2,181.65
191,11,346.98
17,37,616.26
274,19,310.47
253,28,261.69
56,368,4278.96
116,86,348.91
1,109,2591.34
233,158,3019.2200000000003
9,16,774.06
31,133,1018.48
8,47,911.26
39,238,790.2
8,134,2567.06
10,345,2839.62
239,72,413.08
95,58,2064.35
75,138,2389.08
263,116,1938.33
92,10,3015.0
63,15,467.66
434,1,34.8
33,446,5033.77
86,40,1332.79
19,176,1082.81
9,159,2986.9900000000002
423,20,293.5
316,17,1308.48
53,83,1344.78
357,9,316.58
376,76,1232.95
49,35,30306.79
4,292,10496.28
686,7,147.3
521,24,518.63
374,26,410.95
190,128,1986.8
151,16,232.6
186,352,2148.38
138,122,550.01
8,152,3968.11
463,26,444.9
151,154,507.93
128,51,8304.82
242,31,516.45
61,37,166.03
1,486,8537.32
192,37,591.85
610,107,8421.47
487,10,1542.09
176,114,836.95
124,28,462.65999999999997
583,69,1131.45
8,28,2154.97
514,41,225.81
23,149,3313.77
4,737,20272.15
1,18,343.5
393,28,259.17
33,180,583.16
129,22,919.61
2,232,15677.82
562,12,432.45
2,941,24972.86
2,226,4385.9800000000005
8,334,6375.7300000000005
73,397,8891.84
24,264,2332.74
302,5,167.25
422,6,63.66
101,148,1553.47
368,162,717.39
15,466,6696.33
19,83,807.57
61,7,152.94
33,47,868.37
161,15,100.97
619,4,68.25
1,481,11380.1
673,44,679.45
684,41,321.6
417,29,2190.66
483,17,233.4
79,57,964.83
621,9,131.25
21,82,1422.4
529,52,369.68
44,63,1443.69
511,35,1220.9
322,18,402.20000000000005
690,13,202.35000000000002
372,2499,51208.87
373,30,547.6
420,12,149.3
28,35,659.4599999999999
399,58,326.25
81,81,1620.22
26,27,164.34
63,50,5217.4400000000005
19,72,392.28000000000003
630,43,240.95
164,91,1327.16
103,171,3236.4
194,35,865.6
22,601,15956.97
9,140,4291.06
273,28,312.46
469,48,601.4499999999999
11,2284,56838.37
15,54,280.09000000000003
379,227,4709.2300000000005
542,11,144.14999999999998
469,93,2016.71
35,158,557.94
236,19,338.95
47,600,7191.33
379,67,482.33
0,154,4611.6900000000005
32,100,3314.76
66,85,2995.91
44,15,95.45
11,140,1133.44
409,1,42.0
3,297,2083.4
289,71,1341.39
100,96,596.4
22,85,1274.01
15,86,529.58
660,12,427.0
33,139,979.79
88,249,4503.08
35,58,560.86
372,39,623.0
2,558,9942.53
173,130,1044.3700000000001
549,10,105.8
264,217,9388.49
126,11,233.22
404,11,310.56
375,74,1108.82
565,17,360.08
4,5111,65164.79
5,947,3017.28
30,67,1004.38
317,10,157.02
51,41,1049.15
10,259,2820.84
4,952,18670.59
23,46,732.0699999999999
381,18,591.0699999999999
31,221,4387.64
375,16,257.06
81,30,602.5600000000001
88,28,544.3
57,28,1117.94
397,40,463.53
9,288,2468.43
423,38,282.85
74,43,1213.811
378,46,755.15
22,177,822.92
299,37,289.78
16,316,2535.26
2,353,1863.76
595,5,82.2
10,466,9502.26
22,134,1198.28
23,90,1413.66
2,411,9429.81
21,64,1274.76
26,302,2779.41
143,8,1356.99
611,2,33.0
396,18,263.38
589,20,190.75
131,25,156.57999999999998
291,33,603.42
17,62,1063.9
44,108,1178.79
61,145,5230.99
26,27,449.93
296,7,142.4
3,120,2083.9
11,134,1919.0
116,34,588.13
512,2,990.0
121,34,645.74
49,9,1019.36
731,57,966.6600000000001
5,123,801.12
46,101,719.81
66,346,1723.4
0,378,18230.07
155,113,5375.741
21,267,2724.84
45,66,650.75
487,53,775.64
219,1,534.24
114,38,653.38
11,151,4516.56
164,150,2284.69
9,377,2248.5
95,147,3723.87
156,37,688.2
460,9,158.02
35,78,1094.84
50,534,10323.03
116,52,794.56
17,138,5097.18
122,238,9275.49
4,90,3080.1800000000003
247,18,454.12
11,43,546.04
16,60,454.86
736,48,204.3
60,125,2216.37
1,1905,8676.2
381,29,583.39
600,49,734.91
381,15,235.87
267,2,251.51999999999998
24,48,470.8
129,111,1918.49
11,33,3257.7000000000003
267,37,914.9300000000001
395,23,1189.3799999999999
3,239,7250.76
75,53,1440.4
47,1028,4881.07
726,33,875.97
65,12,331.65999999999997
2,764,33903.57
336,109,1708.97
0,263,4206.39
528,5,112.34
11,2,114.60000000000001
22,138,2298.33
22,107,2110.91
491,41,302.6
22,166,6390.36
17,47,1006.63
509,14,173.66
312,48,2303.09
428,12,217.03
323,26,418.82
723,31,338.46000000000004
400,24,541.95
126,40,824.59
25,286,7928.27
5,403,1690.07
491,39,591.87
19,148,2415.41
28,95,1541.2
86,30,285.74
597,2,38.25
58,190,1726.57
225,10,160.95
10,38,601.98
729,6,105.78000000000002
425,14,295.05
88,1072,10350.53
66,51,999.45
61,31,1743.1499999999999
50,44,749.1
67,57,1046.6100000000001
725,36,360.61
543,12,190.48000000000002
25,77,355.1
22,33,852.15
66,207,6948.92
203,31,672.1700000000001
2,90,621.44
192,383,6854.17
74,76,1176.46
46,31,784.58
24,342,8085.9800000000005
58,33,620.13
72,54,1049.79
29,97,1593.09
668,6,93.35000000000001
392,19,538.4
227,119,717.41
332,37,596.12
358,138,1962.01
32,167,3076.06
15,18,614.66
73,351,6948.2300000000005
94,98,1836.44
3,82,1255.59
9,34,453.4
234,87,2040.1
157,52,16245.78
274,59,972.03
70,134,3042.95
25,259,4867.72
418,63,425.85
142,183,666.96
435,19,340.84000000000003
2,157,2800.75
63,42,715.21
18,114,1878.93
71,52,1298.04
65,94,381.0
273,12,200.45000000000002
79,99,1708.99
119,108,1824.49
30,17,1927.3
253,139,1124.71
287,29,511.25
544,17,664.1999999999999
52,82,743.11
404,179,1137.8
3,33,2868.48
11,63,2919.81
25,473,6088.87
200,54,860.12
145,24,417.38
375,21,300.93
4,718,147142.77
413,70,1322.07
400,40,306.64
434,60,226.86
10,371,5993.12
129,24,406.09
245,60,1291.24
39,225,3954.29
81,165,3559.11
578,1,306.0
411,106,1893.93
178,57,1026.18
77,27,773.03
22,306,4544.55
94,56,1895.8
32,1004,13324.1
618,11,76.23
60,52,200.92000000000002
154,85,544.0699999999999
43,94,1656.52
8,174,3235.79
59,70,1134.03
42,114,2148.63
50,16,443.6
427,12,437.4
2,59,342.24
210,28,3246.45
24,672,4457.31
200,13,969.1200000000001
611,60,1339.05
30,1,20.8
15,808,19566.76
654,8,154.25
596,7,130.6
212,248,3119.33
378,63,451.3
411,47,880.62
71,2,100.8
609,19,373.01000000000005
623,13,200.63
379,25,109.07
191,11,617.05
65,249,1969.38
403,22,516.28
21,3,739.1999999999999
2,39,3119.44
645,21,348.75
10,23,385.1
1,1116,37642.48
285,108,594.88
3,45,3554.17
591,7,234.75000000000003
10,16,247.32
82,29,1708.24
176,38,786.43
689,14,246.75
33,18,330.45
185,18,247.44
40,343,2361.3
178,95,1074.7
308,165,2860.57
457,80,1388.47
113,171,4873.8099999999995
16,97,10085.89
49,260,3934.79
31,54,746.36
582,23,310.83
8,241,3750.63
38,59,1247.69
128,20,145.07
60,65,924.21
368,4,56.25
43,142,3103.13
0,38,848.55
724,27,377.49
275,256,4417.27
135,10,657.9000000000001
47,45,380.02
537,14,3358.3999999999996
3,408,8092.32
9,13,1463.04
66,20,1200.2
19,98,636.24
51,117,1778.96
50,43,874.25
40,301,2354.03
488,72,420.22
385,45,1558.22
252,71,1153.85
719,19,310.72
0,620,2661.17
185,31,294.24
58,92,2437.31
731,15,102.82
37,173,12940.82
54,93,304.24
40,266,4869.400000000001
87,24,486.09
392,50,215.22
318,37,425.56
386,4,128.45
33,443,4541.29
372,1,35.400000000000006
164,8,689.82
9,20,375.35
29,52,981.18
30,715,15526.7
10,158,4022.9100000000003
7,173,1695.77
14,151,1064.26
29,236,3260.24
21,30,699.78
0,165,2622.39
3,545,22992.260000000002
452,11,233.25
65,219,6583.36
501,22,622.6700000000001
736,6,82.6
4,115,2495.87
451,6,143.10000000000002
179,59,939.66
1,180,4757.16
75,86,1222.5
172,86,696.68
112,16,796.38
47,48,459.58
23,205,902.02
52,97,3610.96
628,18,917.6999999999999
39,13,301.32
544,45,224.94
33,296,18287.66
43,105,2712.97
35,178,5234.0
505,1,3.75
385,48,948.42
437,5,33.099999999999994
92,35,1608.93
527,1,102.0
430,238,1367.32
249,18,328.2
50,78,1071.1399999999999
100,63,1264.19
417,7,202.82999999999998
362,37,157.92
8,27,221.27
282,102,623.46
625,8,2300.4
396,42,828.5500000000001
431,24,350.35
372,122,2166.42
630,2,13916.34
691,25,6798.72
386,33,895.76
207,20,369.2
2,104,1953.9
57,11,216.17
17,398,2960.25
17,8,95.34
157,128,2445.62
465,66,325.37
38,31,496.21000000000004
4,56,27347.04
448,43,980.25
376,38,526.27
72,107,2399.4500000000003
242,178,2744.81
75,53,181.09
40,6,114.11
248,39,1122.42
21,738,15407.61
21,7,110.46
74,400,2896.69
3,173,9795.460000000001
53,14,257.32
58,34,223.92000000000002
31,118,4808.77
233,18,307.46
185,11,840.5
1,507,4173.88
43,241,6258.45
170,8,135.75000000000003
141,81,1695.97
438,1,208.63
9,153,2957.83
32,194,2365.77
9,490,8706.97
51,131,3037.61
592,9,129.48000000000002
571,111,439.1
40,21,942.08
623,6,219.39999999999998
408,86,312.35
30,284,2533.06
152,128,1817.54
3,124,2112.12
17,179,726.54
487,340,1610.82
50,206,5778.63
44,253,3440.45
609,18,728.5
25,19,595.42
689,23,211.95
735,49,429.66
428,15,458.45
183,12,333.70000000000005
581,5,131.15
429,5,61.28
155,31,187.29
576,204,23691.4
457,9,135.4
556,25,420.25
365,353,1992.13
15,379,17197.61
158,81,524.0
75,154,1421.34
21,350,2795.33
19,52,1006.53
364,65,413.36
353,54,1141.24
294,17,311.55
190,58,1266.82
53,61,1149.64
578,19,741.85
46,43,1118.95
443,10,927.61
409,13,205.83
9,116,8939.84
7,38,2812.77
50,91,2025.69
68,10,213.5
520,2,31.85
736,6,107.33
110,54,548.12
618,34,572.3100000000001
169,118,2027.79
33,128,2225.37
10,29,1212.05
82,221,1301.91
85,142,2289.23
78,178,1310.63
372,33,737.0500000000001
430,28,742.9000000000001
721,9,131.25
85,84,2571.55
63,27,1272.48
598,184,1488.59
73,11,305.54
372,21,127.08
326,46,514.37
36,283,4620.3
417,135,2146.38
106,20,343.36
211,35,1299.49
403,32,136.01
8,425,5601.01
606,12,1079.1000000000001
393,50,843.74
2,353,24151.3
86,355,7180.7
12,231,3490.5299999999997
23,259,1727.43
498,60,973.73
508,14,221.82999999999998
387,10,110.7
684,27,185.06
3,194,1228.17
4,636,3450.41
362,96,764.52
662,1,59.400000000000006
551,29,225.78
72,119,429.56
505,29,119.5
184,99,1850.56
233,27,267.03
267,1,71.4
599,25,318.24
4,20,342.45
75,33,1030.0410000000002
575,4,63.419999999999995
7,200,6191.71
50,345,6909.67
192,126,1547.94
402,53,502.49
56,33,1530.3600000000001
365,60,840.0500000000001
576,14,135.6
397,112,1017.53
46,67,481.49
12,132,876.57
628,19,43.87
12,369,4076.5
1,1088,8152.71
11,44,1009.43
465,30,161.35
133,55,2494.14
220,8,134.8
24,153,739.22
360,115,2392.0
535,20,490.0
208,13,112.8
108,69,3717.35
75,14,302.2
22,326,5834.59
59,77,1360.68
26,463,3826.86
581,10,385.2
211,183,5164.88
280,231,4579.23
74,7,234.34000000000003
72,91,376.96
445,26,232.85
85,37,653.24
65,22,369.34000000000003
239,71,1185.01
21,277,9676.300000000001
408,44,167.08
17,121,8657.39
378,25,2265.2
395,32,226.91
4,144,2911.62
94,2,64.0
44,36,267.13
19,909,5921.35
16,267,5051.25
157,78,1971.39
421,26,376.92
430,92,1921.91
106,10,229.8
196,111,2151.11
481,1,305.28000000000003
8,178,11944.56
2,190,3352.7000000000003
117,53,1992.18
17,163,1041.16
264,14,284.5
17,174,4426.28
200,2,489.59999999999997
392,72,1192.94
31,15,276.56
382,21,1211.75
113,16,138.98
564,6,124.25
1,177,5653.67
8,318,1600.26
520,1,162.24
28,180,4695.66
11,186,3250.33
682,71,542.89
540,17,254.55
364,123,930.7
1,654,9555.71
173,21,300.7
29,28,439.65999999999997
732,11,143.70000000000002
462,12,246.5
1,810,22116.73
23,323,5783.29
32,144,2467.35
37,274,5396.04
509,32,216.41
540,18,125.65
5,1020,8923.3
737,24,150.68
12,583,7053.38
1,88,1952.45
5,15,486.22
470,50,713.11
309,29,331.24
10,7,213.96
79,16,254.18
70,32,571.07
432,32,509.04
723,41,158.65
51,201,4316.56
57,51,814.07
24,31,1376.87
735,14,160.39
4,512,14617.39
16,72,1249.01
541,1,7.49
256,108,1453.68
406,37,1027.15
19,249,4352.35
42,52,318.15
9,153,6204.41
66,31,111.68
5,320,4706.77
17,573,8977.94
81,213,1410.92
1,685,35058.46
32,143,857.46
297,37,756.46
110,1,52.0
2,479,7787.28
203,8,131.7
498,2,3710.5
376,331,3959.4900000000002
50,28,457.72
302,31,635.15
239,12,416.86
53,89,4412.56
42,369,3900.83
60,825,5973.2300000000005
71,40,1033.0
240,36,904.1800000000001
424,202,2993.37
30,84,501.24
149,43,1505.73
81,35,542.04
28,33,491.86
534,32,534.99
393,7,4511.76
7,900,25119.54
3,958,11578.65
394,19,399.3
476,8,137.8
198,83,292.01
117,26,524.54
383,12,176.9
65,111,1726.58
157,85,1906.07
1,235,1581.84
3,268,5547.72
46,371,3625.88
31,144,3042.47
75,15,322.41
316,81,1338.08
22,101,1854.57
575,9,230.1
501,3,54.699999999999996
11,406,6336.04
40,119,2723.55
65,10,140.34
667,52,988.04
375,8,308.59999999999997
155,32,331.58
115,10,185.9
423,57,2085.61
3,96,2338.15
527,17,358.15
4,983,18046.75
2,270,5740.98
42,115,2048.07
274,62,1189.98
204,183,5367.0199999999995
395,28,496.0
25,168,3489.28
583,4,192.05
176,2,46.95
283,12,685.9
246,12,306.55
26,1022,7090.06
21,74,1107.46
642,26,469.13
8,889,8711.95
10,179,2218.06
71,33,1979.91
15,327,2820.03
390,25,252.5
109,23,608.7900000000001
18,149,528.36
116,25,411.7
128,111,408.59000000000003
56,69,387.41
1,15,1418.03
57,49,846.87
53,45,860.41
681,12,188.44
42,80,1821.9
114,43,2263.3
134,28,196.88
59,4,81.44
33,527,12410.81
33,170,4732.03
18,78,1548.1299999999999
45,141,2262.05
23,137,5796.52
680,82,1676.57
2,87,2612.96
186,31,394.14
17,1575,11879.08
22,29,149.29
382,29,309.49
15,148,14417.36
182,9,105.84
646,31,176.9
7,42,789.79
5,29,247.15
156,27,513.32
11,20,361.62
78,294,6217.41
380,79,2209.98
253,15,307.53
22,356,7475.74
417,41,638.11
47,77,490.52
416,167,1099.81
218,22,188.60999999999999
17,42,1159.11
129,44,118.67
31,322,2909.86
5,71,972.04
219,196,3898.79
308,23,381.32
40,589,3491.2
16,313,3107.87
211,29,562.79
632,50,818.29
154,65,1112.0
31,96,2647.59
24,96,3114.4
176,363,3435.5
138,172,4479.73
374,158,548.22
266,66,252.81
5,169,594.52
295,8,152.65
15,33,500.42
484,21,338.65
2,392,7720.9
28,212,14587.87
50,440,6869.0
100,19,788.01
302,844,4867.57
2,35,1127.05
283,63,1227.35
136,50,1269.84
107,357,1496.24
606,45,2622.481
11,31,460.68
50,14,1522.0800000000002
306,772,17180.25
8,357,1793.06
414,17,422.8
9,94,2997.28
256,14,174.8
22,62,1917.41
106,40,1402.06
59,49,946.59
730,13,178.98000000000002
9,26,678.76
198,22,949.9
288,56,242.26
184,104,7793.51
270,10,140.54
411,23,552.9
149,131,1979.8700000000001
679,19,171.13
373,36,818.7900000000001
365,14,308.28000000000003
263,14,86.15
32,471,6354.1
3,151,2649.14
198,74,1099.91
457,10,258.6
12,314,3430.22
266,59,1131.04
267,84,1597.76
72,33,446.18
333,238,4186.95
732,21,485.31
675,7,176.1
731,12,312.9
35,57,1260.23
484,8,150.95
52,207,2815.96
18,14,430.48
456,210,1965.72
9,531,7807.89
23,126,886.5699999999999
360,124,2501.9900000000002
1,747,9599.58
105,72,1553.1299999999999
88,36,1090.59
107,232,1227.07
477,12,193.65
330,62,1341.8500000000001
389,13,503.15
197,59,415.87
15,217,3097.61
420,48,746.24
247,12,72.9
548,33,262.64
40,366,1688.6
215,105,472.2
682,1,77.52
462,32,859.2
1,279,1371.77
75,25,349.7
8,353,4078.79
163,292,16584.01
434,10,645.0
47,130,1545.58
19,122,525.69
161,50,928.1
249,1,12.75
4,200,3505.61
122,5,666.48
500,1,24.75
124,94,1579.8300000000002
46,64,1063.95
106,6,335.52
85,3,211.32
5,146,664.11
4,119,1843.75
333,16,2193.8999999999996
2,700,8393.02
94,137,2157.9700000000003
499,49,196.25
310,21,561.71
530,39,684.54
3,314,7773.8
7,98,732.07
50,1,56.160000000000004
73,21,815.9000000000001
732,31,163.77
88,7,309.05
31,146,921.25
361,53,250.04
24,49,454.01
408,42,955.2
7,337,1810.65
558,18,385.19
22,31,450.82
463,10,291.13
17,332,2771.94
463,28,592.24
86,1,228.96
10,1394,7586.94
373,27,487.75
610,2,17.65
10,231,4993.27
22,520,16955.55
373,208,1142.47
30,30,429.84
280,68,613.75
334,14,157.09
15,66,1060.25
63,18,840.08
31,27,955.5
9,4038,313437.62
406,6,334.62
58,27,355.56
273,13,516.42
267,155,3365.86
66,281,2242.81
7,48,806.72
591,7,186.66
169,263,4877.84
60,101,1059.1200000000001
578,4,155.8
23,53,1174.58
641,18,336.5
58,466,3429.29
7,183,4656.17
336,19,385.3
326,394,3283.96
396,77,1216.66
325,46,686.4
78,6,159.0
19,191,703.02
44,128,1265.16
23,2,256.32
79,14,507.84
161,102,2435.48
75,23,329.34
618,25,367.54
12,152,1086.24
72,10,248.61
7,489,7190.42
11,108,657.8100000000001
70,8,341.36
18,20,779.05
57,96,2469.37
22,271,1971.87
374,12,330.12
105,301,5852.64
457,24,566.9
192,33,751.7
91,102,1405.94
63,71,1175.22
29,29,1013.01
19,67,556.13
261,88,605.58
33,84,781.91
593,25,360.85
280,13,164.4
30,56,949.25
0,552,10271.52
387,25,356.71
205,274,4884.68
1,78,2879.7000000000003
1,159,3000.57
533,40,582.17
245,14,266.4
417,229,3264.23
281,25,690.98
182,75,269.09
127,19,168.31
78,28,625.52
280,86,1387.58
676,16,310.14
530,58,1780.34
3,476,12021.53
213,5,370.79999999999995
443,1,2803.2
40,337,3887.15
478,22,961.9000000000001
11,51,797.96
9,109,2547.55
19,526,8026.54
16,218,3854.85
187,267,2246.06
95,29,572.2
28,214,1838.6100000000001
71,73,1818.31
375,143,1609.37
8,103,3878.51
96,184,901.44
44,62,570.96
381,36,640.13
23,604,11727.94
476,8,126.05000000000001
30,78,1316.07
497,1115,14523.67
19,158,892.33
7,11,269.96
438,2,1502.98
22,37,151.5
357,13,220.55
410,17,239.12
87,176,2867.86
19,429,2156.35
8,427,8077.77
551,19,209.48
75,148,4717.99
12,202,1328.35
9,301,32051.34
1,494,7904.1
38,48,822.57
369,177,3006.08
14,22,318.17
4,45,1346.97
381,10,350.99
18,175,4428.69
423,7,124.95
12,122,675.64
385,46,819.01
11,35,745.06
646,10,426.69
42,84,1426.19
390,8,157.63
60,114,881.35
30,63,743.17
422,48,785.37
85,136,2233.61
654,13,9530.08
396,20,308.2
1,82,1031.41
521,36,553.88
12,399,2103.71
137,57,6017.06
92,11,431.92
51,261,4467.66
381,19,359.69
376,4,51.410000000000004
372,155,3882.17
28,139,1068.16
621,14,250.26
297,21,821.1
46,11,130.73999999999998
19,12,219.0
16,40,644.72
70,15,190.25
10,285,5476.5
114,72,3859.82
337,56,341.36
7,41,538.46
275,1037,54144.25
89,161,9060.39
30,130,1582.0500000000002
381,58,1434.95
10,14,246.3
176,31,455.3
373,5,169.79999999999998
40,265,4058.75
31,166,1572.55
22,137,2572.25
31,15,509.52
0,429,57215.33
47,161,1698.57
38,370,117763.62
661,12,283.73
26,199,3048.38
72,89,3191.87
8,274,13091.74
17,145,2171.07
471,109,643.16
260,56,1033.9
422,55,987.48
472,1,81.12
25,486,1430.03
374,41,180.60999999999999
28,197,2000.01
128,350,6103.74
60,101,1579.51
420,68,3517.69
49,43,677.72
211,154,3156.38
432,131,1077.24
451,5,124.75
233,17,466.29
168,34,623.16
512,7,150.5
379,29,462.75
520,3,191.86
51,27,618.27
189,34,681.26
36,164,2855.17
394,46,199.10999999999999
65,6,92.46
60,132,2749.65
407,22,277.94
50,50,953.58
579,11,175.25
4,501,2557.18
89,179,2930.41
148,54,1710.39
19,771,22254.49
9,206,4534.09
60,52,894.4100000000001
78,9,137.75
28,238,1376.43
74,41,708.26
60,9,202.65
47,107,673.26
163,75,1594.23
3,338,6897.36
147,47,1063.46
73,54,895.62
313,33,472.13
60,55,1193.54
303,62,320.4
31,356,8224.37
10,33,8510.93
96,81,596.09
60,63,768.82
12,996,8987.68
22,201,4835.89
71,105,1858.96
647,15,106.54
73,104,1153.56
360,144,2578.34
306,80,385.7
109,115,4049.79
149,83,299.05
21,66,3175.12
648,9,2135.46
5,76,1747.66
436,7,149.75
7,355,5087.86
11,643,3602.29
8,68,1131.56
423,59,1295.25
296,9,386.62
162,34,203.85999999999999
80,24,2402.7200000000003
36,44,1207.56
506,3,42.22
46,69,1086.8
723,13,115.3
218,92,1792.26
211,91,1522.75
247,13,206.21
214,13,220.8
15,32,415.25
1,100,1721.4
211,34,612.78
18,3,43.2
29,174,4888.75
357,23,589.27
11,92,752.4399999999999
417,27,458.25
14,35,575.46
396,30,406.3
383,13,222.4
73,11,927.03
15,24,458.98
294,52,454.75
12,673,4537.26
422,232,1552.35
493,12,363.40000000000003
677,4,579.6
631,4,222.95999999999998
4,35,874.59
390,23,321.91
63,55,1060.56
134,69,1065.08
59,129,2687.73
72,215,4393.63
12,1591,11243.91
52,81,3577.61
366,154,4892.68
98,64,498.79
8,45,6070.04
53,86,1442.32
43,82,1378.93
38,12,151.29999999999998
371,39,754.87
4,51,304.09
38,42,1079.6599999999999
81,185,3503.5
101,2,125.92
385,163,2502.82
60,126,592.51
233,34,731.26
315,43,779.5699999999999
626,19,291.5
15,248,2783.08
53,75,3602.1800000000003
16,221,1015.58
99,11,3070.42
21,8,166.08
556,27,141.48
4,185,1082.19
12,82,386.69
35,16,247.95999999999998
46,218,1174.9
310,8,154.41
45,224,3830.84
22,23,2180.76
58,275,17550.39
402,8,227.47000000000003
16,360,6679.97
28,19,468.91
71,104,1796.48
245,55,923.11
134,131,540.13
17,62,1305.33
10,201,2618.77
113,12,2821.08
8,543,2777.67
2,299,3397.82
162,44,845.55
19,288,1818.6
406,5,107.75
8,128,5982.03
63,140,1119.46
103,93,762.16
10,115,3760.29
196,101,9839.460000000001
134,351,3402.24
576,41,552.4
16,146,2624.26
28,30,162.22
31,99,2216.32
14,632,13733.550000000001
30,65,2054.36
21,205,3638.53
424,26,494.85
54,119,1363.6399999999999
73,3,136.0
399,31,620.37
25,36,439.06
4,266,6795.9
311,1,35.8
9,166,3472.4100000000003
1,154,2919.65
23,375,2341.03
3,60,1286.27
31,393,7120.91
604,44,1954.99
29,40,945.04
192,39,670.34
74,19,704.0400000000001
0,116,2750.5
44,4,30.950000000000003
88,268,6204.32
116,215,6279.0
504,19,299.02
21,39,625.9
22,904,6246.93
1,219,8839.67
57,344,1450.04
169,42,1006.98
16,145,2526.62
40,27,680.1800000000001
421,19,327.68
4,92,6283.24
15,146,3901.11
42,36,539.0
26,82,397.35
110,29,2137.3
16,508,4530.0
1,17,534.06
376,112,399.75
46,142,2619.92
107,89,2862.4
420,26,432.68
3,77,1295.39
735,1,20.4
261,1,25.5
9,676,5115.76
383,48,238.86
10,49,780.59
332,6,135.35
168,54,1142.03
322,34,481.46
0,4306,114966.42
17,204,4774.17
12,169,1535.99
143,52,839.64
639,43,429.44
17,133,1261.88
84,42,663.61
521,13,256.7
10,27,464.57
22,129,2245.32
411,6,120.95
402,111,828.21
39,56,698.13
602,18,430.69
108,105,1054.92
9,475,9972.550000000001
3,203,15964.210000000001
605,23,454.36
186,138,2416.42
378,98,788.46
58,199,6606.0
14,348,1698.07
520,35,804.88
263,10,158.95000000000002
553,8,125.3
8,126,3137.96
9,230,20324.54
191,86,1431.78
520,20,306.58000000000004
722,1,2.95
373,62,1055.05
1,12435,68545.25
277,17,162.7
19,295,4757.8
25,89,1562.98
14,21,350.9
51,9,124.88
446,10,428.45
694,25,381.66
366,29,2062.2000000000003
173,43,187.05
35,101,658.17
35,19,328.15
28,105,1785.98
148,131,1830.54
22,119,1609.0
32,13,714.96
24,45,1748.42
4,644,6958.2
4,9,230.64999999999998
218,35,2472.48
42,11,219.39000000000001
17,590,6423.26
1,721,75428.87
12,402,5609.74
383,24,383.96999999999997
411,13,519.8100000000001
25,48,841.1999999999999
4,299,5333.08
9,240,11126.11
364,205,1377.77
4,19,239.76
49,454,3206.54
21,11,177.31
72,290,3112.19
54,44,756.82
130,56,721.8
52,217,4252.89
597,38,1130.21
37,134,528.46
411,55,1015.74
428,22,435.83
2,4,357.0
387,53,522.67
19,11,170.32
8,189,3780.81
28,8,139.10000000000002
596,196,815.69
669,17,467.78999999999996
409,4,152.35
14,475,17467.24
93,54,1455.56
409,11,1449.1399999999999
1,73,1070.71
413,127,638.49
21,34,181.07
67,41,1077.81
58,66,794.64
266,5,234.24
18,824,7521.8
729,56,517.7
84,424,7656.08
273,34,1145.6
413,17,366.4
246,58,1052.9
10,316,6560.02
99,51,636.14
492,1,35.7
25,244,13517.76
1,15,347.75
284,18,94.05
15,75,2009.16
53,133,412.55
2,241,5712.08
320,108,1516.72
22,273,2030.33
418,27,190.57
36,42,741.54
302,81,2614.2
72,9,158.04
56,129,1942.36
225,31,563.63
232,68,2407.98
411,34,278.34000000000003
24,203,3649.36
44,50,954.09
582,8,135.04000000000002
19,121,466.66
60,213,578.61
213,67,1124.72
330,1,250.0
85,83,1390.86
436,14,189.78
15,84,1418.32
72,9,144.2
417,71,186.94
185,5,103.25
204,14,514.25
46,26,476.34
84,70,1103.43
21,304,1760.49
40,126,2241.42
31,133,8356.79
569,10,372.2
40,36,609.8100000000001
42,261,6775.71
414,219,852.53
424,74,268.28
507,16,300.31
438,1,445.05
45,185,1159.99
648,15,318.34000000000003
326,1,165.0
112,102,2021.2
1,25,439.92
75,51,2019.4
14,3,100.9
10,203,5679.53
44,15,62.43
467,52,368.35
31,16,260.0
22,47,1085.7
30,264,6680.83
0,179,4413.1
423,9,132.8
522,35,628.32
245,48,983.1
3,47,932.6
7,458,6324.9800000000005
10,72,9782.35
372,35,748.46
367,116,3127.99
46,25,7600.05
395,31,489.86
35,239,2978.59
22,4,91.8
358,72,1412.89
173,4,734.4
12,158,1929.26
38,20,437.82
40,157,701.57
33,2,35.400000000000006
197,321,2506.64
256,5,88.2
3,69,725.07
173,6,178.51999999999998
197,32,408.95
256,52,1121.5
43,5,389.64
22,505,8718.43
54,141,2083.14
7,2,162.5
617,21,379.2
644,5,70.0
18,79,878.09
18,36,686.05
17,13,161.67000000000002
190,22,119.93
333,19,332.41
113,6,313.62
59,158,3759.26
268,62,1218.7
1,327,6028.6
18,91,1569.73
432,13,281.76
305,54,865.1700000000001
22,15,209.49
388,22,462.08
14,15,196.79000000000002
420,35,124.45
542,69,935.62
311,143,913.6
400,106,1570.81
420,1,90.0
473,8,123.5
67,162,2999.16
156,48,876.89
165,49,499.9
85,104,2497.88
379,27,198.47
15,39,413.05
500,73,1310.3400000000001
654,15,116.5
367,287,4292.35
205,75,1433.07
470,34,584.25
64,86,25264.8
134,106,1879.44
25,72,315.65
54,27,447.68
15,331,1551.04
457,26,519.45
239,23,429.6
10,20,301.29
8,30,164.68
406,9,593.5
185,137,2952.06
16,521,5750.91
663,20,269.21000000000004
393,12,392.13
375,93,1676.95
4,1102,32275.95
21,29,2209.44
21,31,825.8
385,4,65.34
610,54,797.96
117,101,2071.68
4,200,3616.41
14,1424,29834.76
32,90,922.16
65,20,1025.44
1,110,1661.44
563,28,426.24
310,14,1063.0
562,39,618.96
2,35,417.77
57,26,472.39
33,315,1290.31
11,33,652.74
243,26,476.49
138,30,501.14
52,10,208.75
530,40,709.59
156,58,513.88
189,28,506.8
37,113,1963.92
63,27,427.6
627,72,1367.89
334,30,377.75
410,52,308.35
137,16,200.47
738,44,1182.0
736,15,777.0
22,556,11767.48
206,81,1346.75
4,897,4675.36
29,136,3968.67
171,10,190.53
36,32,517.36
411,91,404.45
505,51,251.15
365,42,873.34
32,113,1980.0
234,24,607.0
414,26,515.78
674,23,349.25
303,8,118.95000000000002
169,40,671.01
75,163,2930.19
393,134,1188.46
10,230,4478.53
29,78,1278.06
73,60,408.63
225,15,107.21
319,220,1858.77
75,69,1080.76
577,15,246.54
380,6,303.7
28,197,5467.820000000001
250,57,778.83
10,670,16410.15
57,170,4081.79
1,564,12683.4
23,59,1129.14
212,99,1543.97
401,1,59.400000000000006
406,80,1273.47
232,11,180.1
9,340,25585.65
467,12,167.16
578,14,214.70999999999998
64,16,174.37
52,17,216.39
29,40,276.75
120,5,252.1
10,31,133.5
26,251,885.21
58,60,1011.9
3,35,1455.23
666,1,79.9
199,9,315.45
74,34,482.47
3,321,2108.06
70,370,2919.62
50,134,1533.69
120,685,7480.4
281,512,8153.04
30,5,125.80000000000001
12,180,1259.43
96,13,316.62
589,27,405.85
31,266,2041.8
10,3,77.4
89,21,2190.14
668,3,48.349999999999994
234,51,695.4
46,2,144.0
3,406,2698.47
672,4,234.0
71,84,1777.49
4,527,3651.19
28,45,2321.82
610,82,1240.25
395,48,3999.8900000000003
667,5,171.7
85,68,266.85
16,22,430.57
4,1015,24042.65
390,54,364.93
16,101,1521.04
400,52,434.2
57,58,1002.3100000000001
736,32,112.03
23,1712,17644.27
183,13,814.5
77,129,3279.42
29,104,1511.45
10,34,218.75
436,11,162.0
100,55,1117.84
577,35,209.4
3,119,2903.01
5,357,4001.64
2,23,1843.0
29,139,1291.71
266,29,1629.37
2,1136,39918.19
1,48,970.52
470,7,129.85
564,16,10877.18
334,44,885.53
628,44,407.94
68,168,1179.48
5,134,2308.06
1,371,11916.33
12,118,462.12
17,144,655.37
389,10,1739.92
303,24,1017.32
5,74,1230.02
7,1,204.0
19,608,2429.83
501,3,90.42
53,171,1143.1
169,33,541.9
381,63,1289.44
4,30,1028.0
4,67,1194.73
512,180,3120.91
73,227,5879.95
19,120,738.89
261,14,1542.08
2,343,8655.95
63,30,1673.5
23,19,291.88
23,76,1259.6299999999999
4,154,2473.28
38,41,357.21
15,108,1815.27
519,82,1534.22
152,445,2016.43
56,34,1621.88
388,22,317.08
159,90,665.78
127,5,62.63999999999999
21,162,2255.66
11,832,8018.7699999999995
1,256,33750.97
3,124,1937.25
319,5,244.2
50,47,842.41
16,73,1345.53
36,63,949.12
448,11,157.2
28,12,191.04
46,67,457.36
410,11,226.42
50,52,1163.45
115,77,2196.67
8,166,2993.1
261,24,396.87
72,165,1166.29
3,20,314.44
2,275,5478.12
242,17,379.73
8,163,36398.65
64,216,5728.82
40,115,2053.71
410,81,1254.41
204,83,1068.95
9,214,1411.21
325,1,440.0
189,89,654.4
88,262,4287.92
59,25,397.12
550,23,112.86
677,7,106.67999999999999
67,116,2511.69
8,421,244784.25
429,1,81.36
9,1499,35233.24
17,25,199.48000000000002
14,6,628.78
655,8,325.74
0,124,2056.89
15,119,2653.76
548,21,161.94
16,258,4318.48
177,230,1101.44
40,33,684.34
436,1,72.0
72,92,2742.41
367,29,180.7
31,101,2057.39
549,13,120.05
679,14,231.32
252,14,571.3
36,120,2488.4900000000002
263,28,599.76
11,109,622.01
550,30,451.56
1,409,6621.7
51,72,2594.04
373,26,471.14
246,193,3925.85
8,143,1893.701
39,154,2958.83
5,743,3804.38
688,26,167.1
690,6,60.959999999999994
379,79,867.11
308,1,550.8000000000001
397,17,175.0
29,721,4864.57
2,455,7495.75
60,37,1349.67
10,203,2279.4900000000002
71,10,134.95999999999998
656,11,202.56
380,62,994.6
31,98,463.21
29,199,1785.1100000000001
731,31,432.96
735,4,231.90000000000003
12,238,1786.08
439,22,350.85
507,19,917.4300000000001
380,8,151.49
542,7,134.44
183,29,475.28000000000003
24,190,647.56
3,400,12987.95
389,51,481.58
371,7,89.14
19,78,1293.71
50,59,1160.72
110,75,1474.06
598,36,178.85
5,37,663.81
173,88,662.66
3,407,15704.6
182,14,149.89000000000001
73,24,414.20000000000005
205,16,389.01
28,279,2481.6
173,249,1091.34
4,28,547.07
568,62,1109.4
7,156,7036.18
33,356,2975.91
677,5,129.75
92,41,678.25
184,50,1120.31
401,113,364.45
78,25,415.8
632,14,114.69
31,211,1188.42
165,22,433.74
463,74,1275.81
176,26,685.45
562,4,203.05
9,106,1809.6100000000001
255,167,986.61
586,9,160.5
93,61,4452.71
187,150,3670.74
304,8,133.35000000000002
28,256,6723.03
37,275,1100.28
35,205,916.98
10,268,11202.59
376,110,977.3
502,47,197.57
18,106,1711.73
16,116,2055.09
50,87,904.52
375,53,244.37
536,25,449.49
373,43,1019.44
730,17,327.38
18,683,5978.9
306,42,521.89
584,33,728.84
24,35,514.56
44,145,696.76
15,752,8231.2
0,76,1239.38
737,5,80.4
108,12,241.09
540,62,932.76
591,44,229.46
546,1,1000.63
424,12,141.12
46,24,388.58
682,71,1142.88
5,9,163.62
409,41,701.61
30,321,8056.76
425,142,2542.79
379,31,965.2
22,147,754.12
30,137,4810.92
98,11,271.70000000000005
212,58,1031.07
57,75,1156.73
316,45,1693.88
382,59,569.22
74,35,1666.8600000000001
79,6,1862.0
51,339,25317.06
33,408,3949.6
1,156,117314.08
4,1152,9519.8
7,127,3140.54
677,8,91.14
283,39,362.99
10,9,420.29999999999995
50,122,1952.17
39,34,519.61
249,198,2291.77
417,49,800.18
147,71,941.99
169,57,3494.1
52,99,804.3
280,63,5236.259999999999
100,327,16249.87
115,1208,15308.89
82,524,4946.22
37,42,836.06
360,24,548.76
186,8,124.57
397,13,179.4
58,316,3805.34
480,12,360.0
14,984,11986.52
78,39,956.5699999999999
1,241,17524.38
185,46,683.46
365,336,2062.41
92,386,2631.9
3,226,882.72
58,29,376.64
24,220,3645.81
71,146,2178.87
220,18,288.6
386,6,127.0
430,19,568.64
254,54,836.79
10,128,4102.27
25,19,394.38
1,178,3444.39
50,35,230.5
142,38,599.68
211,38,1121.84
364,56,1100.4
562,71,2322.43
215,25,376.5
185,81,1180.23
5,39,644.95
25,83,465.88
269,64,340.85
52,33,533.32
49,77,1708.1200000000001
1,20,640.76
429,13,474.1
17,124,3167.34
63,7,122.7
609,7,101.36
85,53,997.63
38,59,994.51
422,13,340.33
406,25,473.0
92,83,1991.23
561,35,191.9
661,18,342.4
389,9,426.9
445,12,111.63
24,9,205.25
460,130,1380.44
393,25,548.8
323,120,1619.97
17,59,486.64
413,14,190.58
437,38,745.5
239,144,1024.04
31,22,329.25
177,41,683.17
217,6,388.75
1,646,11419.67
59,411,6559.7300000000005
147,135,2940.04
12,189,911.99
4,16,1293.03
17,182,3801.05
1,6359,29951.37
261,3,77.3
10,1683,9636.12
183,69,1235.6200000000001
26,30,108.81
443,38,860.08
87,48,869.51
49,9,154.88
133,44,1035.49
7,84,4892.95
45,20,393.54
158,71,463.90999999999997
130,63,1089.18
18,71,496.06
180,70,321.43
511,29,1378.74
389,49,891.02
18,244,4306.72
669,3,29.1
19,76,746.81
3,601,6638.150000000001
240,94,1582.77
19,264,1045.74
7,96,2050.08
17,49,839.14
633,62,374.45
33,25,659.4100000000001
315,152,3426.32
3,261,2521.4
642,18,433.77
42,12,169.48000000000002
417,20,236.11
53,16,281.15
269,50,283.73
551,361,2753.52
660,16,366.41999999999996
695,11,332.7
194,155,706.49
438,13,317.11
65,37,583.75
28,180,3032.26
177,252,1545.83
10,35,300.83
418,11,178.83
509,31,119.86
85,1,2033.1
57,98,386.32
430,7,126.0
582,7,217.9
243,27,239.49
56,83,1555.34
100,71,2351.42
14,52,1403.2
8,2864,91194.49
442,38,165.88
92,19,443.0
276,79,615.17
414,110,694.54
445,5,135.18
385,170,2736.64
522,1,13.919999999999998
621,34,137.99
493,19,563.1
56,4,81.57
32,19,712.78
198,1,179.0
264,75,1165.36
5,156,2455.52
43,33,257.67
0,319,1200.28
415,22,331.14
431,17,307.95
460,2,429.7
172,20,532.94
33,48,921.49
733,23,188.69
288,9,145.92
252,2,37.4
266,21,141.41
45,92,335.03
7,193,9226.25
135,68,727.1
5,72,380.13
192,34,842.0400000000001
38,35,692.19
669,38,128.2
14,98,2906.85
365,28,646.27
14,86,1676.06
409,35,533.78
9,394,7623.79
173,25,404.3
659,1,37.5
113,26,453.01
578,29,392.38
52,302,5020.74
5,96,632.0
673,6,104.7
173,7,191.94
445,1,68.44
396,55,417.3
471,15,110.65
36,21,147.35
4,102,1625.97
25,5,106.56
263,31,922.1
15,357,8886.33
42,144,6142.35
4,395,3102.94
15,70,1059.39
24,107,2843.09
266,8,183.6
603,17,325.24
330,13,201.19
617,60,225.99
159,44,700.41
255,78,1338.91
8,9,176.63
23,11,223.85000000000002
472,101,784.17
131,70,675.6
394,11,197.31
402,12,314.74
77,29,454.10999999999996
116,44,1706.88
539,13,359.35
11,79,994.13
67,64,1210.19
375,86,368.31
71,16,243.56
65,6,108.38
66,184,3050.16
354,56,214.26
431,66,1553.65
10,901,21373.97
395,2,100.35
169,55,1285.51
43,21,532.49
15,11,215.48
149,6,402.0
88,173,1386.4
620,10,45.34
436,78,1179.45
236,122,1446.95
17,65,1054.73
29,125,2318.1
445,2,330.0
414,37,839.73
590,16,339.75
333,129,1700.52
551,11,242.06
64,360,2394.36
404,106,551.24
84,18,744.02
0,275,6640.8
110,229,1841.71
154,79,1517.3600000000001
108,278,5236.7300000000005
138,18,494.08
22,114,2419.61
11,172,4592.93
35,26,658.64
2,272,2753.29
163,106,1894.93
479,13,187.51999999999998
36,45,382.87
197,4,271.85
15,167,3440.3399999999997
1,69,998.49
217,73,725.53
31,252,2957.4700000000003
80,82,3156.17
472,68,1404.58
22,258,3110.37
149,8,159.85
8,116,17654.54
9,169,2648.25
1,282,3099.3
25,149,11962.3
2,40,915.13
602,18,254.0
5,132,798.35
7,570,4528.54
3,21,787.85
155,90,1716.58
225,67,1176.19
381,29,847.76
78,261,2970.9700000000003
390,88,944.82
246,22,372.92
11,236,1291.91
196,266,4497.88
17,73,892.46
11,84,471.40000000000003
331,5,1289.5
166,204,2354.29
387,24,438.9
393,1,51.839999999999996
312,49,788.81
214,17,111.15
71,45,667.65
92,79,2257.32
16,69,1212.66
3,17,244.41
470,13,104.0
170,12,237.61
241,21,112.75
374,123,1087.05
19,230,1298.66
67,230,4234.53
578,85,2244.7
36,118,2103.41
96,47,318.76
138,22,361.21999999999997
35,138,732.41
12,788,4369.2
60,123,1783.68
649,12,271.28999999999996
3,148,3037.32
36,60,1259.06
5,58,1105.8799999999999
172,79,775.26
29,371,4212.15
23,486,4491.46
19,896,16024.15
689,30,183.20000000000002
437,81,3147.36
456,17,129.75
570,27,348.59
15,23,523.3
625,21,388.55
33,29,498.8
94,100,1508.18
0,223,4451.22
309,33,280.53000000000003
421,100,449.25
127,37,317.2
320,81,1410.18
52,236,3179.06
1,826,50174.782
4,471,3891.39
563,16,310.83
19,14,1969.6
77,53,882.23
32,159,4340.7699999999995
84,162,4685.72
80,168,6265.33
9,320,3559.39
145,242,1152.19
28,115,1991.01
16,182,6585.54
63,10,256.38
462,37,582.64
358,69,2049.15
14,45,256.11
578,7,182.1
435,39,724.73
308,11,153.94
402,1,81.6
425,68,449.42
2,134,2373.82
43,21,2249.52
8,396,6805.4400000000005
51,80,1430.48
605,44,369.02
17,16,308.74
232,58,1079.4
411,15,331.35
408,7,245.15
19,19,357.20000000000005
23,110,1560.96
112,5,135.95
30,11,219.5
8,95,1509.0900000000001
38,46,162.8
529,34,708.1
21,122,6083.81
71,51,743.53
543,22,114.69
379,53,291.56
10,220,4065.28
28,83,1356.33
247,70,1239.55
11,38,284.46
416,431,4466.65
176,5,1776.0
36,6,195.15
569,18,245.48000000000002
1,173,2927.38
568,4,111.0
738,1,141.0
450,10,168.69000000000003
452,43,1610.62
131,69,1185.65
0,753,13304.11
1,240,4652.1
201,42,902.3199999999999
362,117,257.3
80,319,3897.5299999999997
1,91,4777.18
11,76,1713.09
67,85,1019.13
114,119,2280.51
165,61,1012.72
581,95,1593.83
3,173,988.42
5,948,5032.22
122,17,976.06
18,163,3403.4500000000003
388,29,836.3
51,51,1929.66
365,30,552.08
15,191,947.5
21,61,1685.26
599,1,150.0
641,4,23.35
575,6,1437.43
576,54,1018.42
127,12,3378.4000000000005
30,71,2114.33
60,24,796.4000000000001
310,69,558.04
182,49,1179.79
7,73,3347.31
137,25,191.95000000000002
379,31,209.89000000000001
519,13,231.33999999999997
367,52,816.9300000000001
17,192,3586.9900000000002
169,54,880.13
22,137,2812.34
519,11,376.70000000000005
32,34,836.69
539,13,243.9
64,7,145.35
60,27,675.69
85,46,1492.81
24,93,906.24
530,15,251.71
4,487,11633.7
603,53,781.59
45,27,341.24
7,196,4838.08
21,57,1160.07
456,11,120.44
28,242,5464.85
4,45,348.8
38,83,1970.6
79,147,2446.41
15,93,1803.1000000000001
79,152,2634.26
16,98,2634.44
266,20,344.90000000000003
498,21,400.2
501,8,100.86
40,37,2287.7
680,28,422.7
416,24,683.9200000000001
7,4,144.0
541,7,108.0
407,407,3292.84
194,12,207.15
46,180,3090.29
414,31,835.46
519,44,376.46
481,80,1892.52
463,35,588.05
72,39,3424.02
19,20,507.55
95,172,5231.8
583,4,94.53
151,521,1981.06
25,72,1247.61
23,499,8479.76
11,15,3082.1
470,19,354.85
667,38,419.87
80,138,1048.8899999999999
199,50,820.4499999999999
28,157,2863.08
236,314,3845.78
481,41,442.28999999999996
105,6,149.05
364,45,824.9200000000001
385,29,107.01
19,311,1006.75
127,79,1703.02
311,195,1770.96
78,154,2321.11
388,80,404.55
64,60,770.42
92,6,877.4399999999999
303,146,861.01
3,402,8918.99
427,615,5996.83
82,28,4162.04
18,482,13043.32
56,68,522.03
21,172,4642.45
75,17,272.22
85,28,508.8
1,1234,11980.09
64,59,695.42
70,21,310.62
18,24,570.48
8,5,80.8
1,1073,20203.58
10,189,3349.57
66,23,383.95
19,201,2530.19
374,108,921.5600000000001
540,34,232.05
725,4,31.929999999999996
134,148,4610.84
124,9,572.3
184,16,298.48
26,200,933.26
12,75,1425.38
73,82,1674.69
373,31,439.7
17,5,1138.0
86,19,351.65
25,1274,55688.5
493,50,281.26
372,17,208.97
36,47,776.7
198,38,1143.27
214,5,354.12
737,8,110.05
0,343,8167.38
358,65,2938.52
78,69,1122.41
16,19,364.72
443,4,1770.0
420,8,160.65
32,841,16249.289999999999
156,98,350.82
52,69,1800.07
431,49,1037.28
21,142,1808.68
252,24,417.95
246,1,175.2
101,43,211.89
53,191,646.26
19,141,786.83
383,16,330.35
23,16,320.76
43,21,324.24
17,18,309.65
22,67,1820.09
375,43,949.82
7,311,2170.78
331,29,492.65000000000003
23,350,6663.68
5,86,3766.6
190,6,112.19999999999999
148,60,975.1
185,118,1068.5
543,12,225.4
408,34,607.0
238,51,780.4
283,68,875.93
16,7,795.2299999999999
73,393,3379.93
540,18,293.79
185,134,2043.76
400,4,61.72
665,1,0.0
479,18,310.15
86,205,2209.69
23,37,1384.8600000000001
393,31,502.52
5,462,9823.64
448,26,468.5
33,160,3539.3
372,140,65500.07
51,15,337.04
36,58,1274.44
22,14,490.22
75,133,1997.3400000000001
396,86,527.94
12,66,1705.64
15,490,30291.76
44,156,1028.74
73,42,1364.2
172,6,2733.8
39,12,192.72
4,47,716.57
395,129,1331.38
2,188,4124.69
1,174,3298.59
94,55,922.39
2,56,1018.71
332,187,3330.0299999999997
218,17,830.9300000000001
77,86,1403.73
501,24,658.3199999999999
285,10,145.04999999999998
410,15,233.35
541,12,114.85
32,124,1763.3
10,166,2720.63
3,69,1053.49
96,201,1475.79
291,22,641.38
361,10,689.07
474,81,549.12
324,17,313.6
138,232,3914.9500000000003
290,18,423.90999999999997
390,44,393.64
238,103,1980.4
385,54,885.71
29,763,8497.82
23,253,5339.13
289,6,94.0
555,21,395.1
35,7,71.66
547,11,173.95
353,16,383.7
523,20,148.62
53,30,546.81
92,60,991.13
24,8,271.40000000000003
446,53,306.19
71,48,1151.15
17,165,3637.33
596,21,301.26
197,231,4161.06
10,314,4974.2300000000005
560,27,393.72
387,7,171.81
211,235,2038.65
7,25,6640.68
16,123,2414.2
5,147,1019.27
31,60,1005.09
379,42,451.28999999999996
275,7,298.0
149,11,179.17
44,22,449.45
672,17,269.37
498,7,94.8
593,18,341.59
465,17,182.59
1,76,1245.9
1,11,252.49
718,12,321.88000000000005
52,13,924.6
15,330,13003.869999999999
51,182,757.78
564,6,91.8
284,7,176.5
44,73,1076.8
728,8,160.55
89,89,2232.4900000000002
520,6,113.64999999999999
254,26,229.33
522,76,3070.54
549,2,1147.02
60,143,2786.77
65,24,332.3
288,9,296.25
388,18,239.45999999999998
15,65,1098.6
421,74,1041.21
59,9,172.25
631,48,724.89
21,61,3284.42
74,164,1962.46
179,12,236.26000000000002
22,106,735.82
24,85,3941.9
14,265,4049.13
476,67,1296.43
382,29,679.02
411,23,355.45
323,35,612.13
11,95,2184.63
280,179,583.33
59,255,5360.48
11,48,783.96
379,20,246.5
395,61,247.85
1,1134,12580.06
38,449,1990.88
372,57,321.79
39,9,1128.52
7,182,1825.03
262,22,451.11
620,41,258.55
180,76,1128.44
581,30,154.21
91,35,2048.36
301,101,2642.35
29,90,1331.57
67,15,415.2
17,152,2883.1
386,1,662.4000000000001
79,32,549.84
659,11,307.21000000000004
46,49,1451.16
16,125,2317.43
274,99,1654.03
82,32,508.51
29,11,266.76
39,176,3442.15
469,27,515.0
521,47,829.25
24,11,281.85
127,79,1226.8500000000001
549,55,1127.45
525,1,136.0
39,231,2718.6
71,192,1975.35
7,429,8296.81
23,96,692.22
106,36,625.3
430,25,210.85
277,11,328.8
432,23,601.03
122,117,1900.0800000000002
18,80,1166.23
116,19,213.85
648,46,168.22
179,19,280.73
36,19,372.7
17,28,494.44
36,775,5652.74
425,30,160.0
378,15,188.46
162,55,1516.24
63,16,221.06
31,179,1602.51
555,18,103.95
691,4,136.8
19,28,470.76
57,326,6817.37
528,95,838.27
81,53,4366.78
11,13,245.1
408,13,249.24
3,181,704.55
29,14,277.05
432,92,452.78000000000003
4,178,4635.5599999999995
546,9,126.03
485,88,374.05
9,2695,39141.48
359,23,412.06
245,31,931.01
628,9,123.13
26,88,1893.8
33,181,2724.13
32,139,1727.6
21,160,1807.44
12,277,1904.99
57,364,6083.64
16,192,3439.08
26,4,107.95
463,4,70.74000000000001
29,74,887.67
593,35,115.73
26,53,378.89
4,69,693.95
63,52,374.7
318,138,3550.91
95,88,2237.12
402,9,190.47000000000003
109,87,795.83
87,140,2556.84
14,392,3513.62
57,339,1778.93
571,25,213.9
57,286,2030.95
435,2,139.2
33,10,267.28000000000003
14,71,1188.1200000000001
16,172,3288.0
459,88,821.35
7,69,1898.52
50,101,3133.96
184,21,320.58000000000004
472,67,632.9399999999999
473,54,536.41
23,393,25775.71
4,1089,16425.86
168,286,3987.07
7,137,1224.06
267,5,333.74
392,11,176.5
612,44,1144.3
77,67,768.88
19,72,1382.74
206,56,1192.36
8,219,1972.39
127,11,1516.0
30,16,349.83000000000004
37,157,2819.17
376,225,1375.39
1,253,3628.5
35,126,2409.9
508,3,97.5
387,117,524.65
366,1,590.0
40,203,1236.39
429,9,200.82
3,53,226.47
653,17,352.821
11,196,3695.56
12,182,1364.15
68,161,1250.63
389,52,252.88
425,26,948.93
42,42,670.0600000000001
400,304,1052.26
296,50,826.53
22,402,7885.85
57,23,1090.14
19,54,1260.51
603,3,284.4
45,11,121.18
37,26,332.64
661,10,197.70000000000002
10,97,1345.06
52,85,1411.62
4,34,843.9100000000001
21,23,362.8
376,45,397.76
40,69,677.0
379,40,211.99
53,47,939.37
92,27,121.74000000000001
667,79,346.56
10,289,6117.5
70,83,1843.35
10,39,641.94
43,329,6308.0
179,85,772.41
32,253,1744.42
235,10,44534.3
682,1,129.23
376,39,95.96
10,136,20746.54
141,5,120.0
11,31,527.2
21,214,754.2
184,55,1013.35
66,482,8012.58
17,45,1352.75
44,103,777.68
17,243,10923.16
14,104,998.53
21,223,4293.86
572,122,611.08
385,15,224.51
421,54,321.9
3,457,45179.1
29,681,3957.63
8,261,6188.18
26,36,1267.6499999999999
401,42,882.47
260,71,602.63
460,19,253.09
147,154,1220.77
15,103,1771.78
393,128,1001.01
0,143,9978.48
65,5,90.6
14,30,2399.57
388,33,119.92
406,2,62.7
298,15,321.05
217,409,12823.521
373,28,863.51
32,1770,10195.97
413,93,1791.15
46,138,3597.5
26,65,3546.65
21,218,92347.34
541,2,20.6
106,2,284.55
9,129,1763.15
463,5,83.0
31,26,481.75
87,150,4010.7
50,70,1254.03
4,81,1734.87
7,200,6114.03
607,4,86.10000000000001
42,216,4002.17
381,22,299.61
415,14,877.7
50,325,1630.91
96,77,1149.02
551,18,617.6
172,410,9947.26
442,11,352.8
290,69,1224.18
435,21,384.26
11,65,1299.52
36,296,2358.59
382,180,11123.35
57,16,243.84
378,13,205.99
15,8,122.64
51,236,4877.3
2,200,3586.0299999999997
66,23,324.8
256,5,1914.6999999999998
143,16,195.73999999999998
25,151,2603.69
323,70,1256.9
14,63,1122.38
26,186,2957.88
254,33,597.78
2,140,14693.72
8,277,5517.07
23,289,3926.91
191,223,922.35
31,24,2328.84
619,3,30.1
380,86,1494.6
138,448,26259.11
29,22,260.08
51,219,9957.42
394,1,419.70000000000005
54,240,2589.87
18,65,971.74
500,40,396.39
35,30,604.51
564,11,218.53
129,14,3242.0
58,64,1180.05
2,65,1191.13
64,26,1408.24
12,100,433.86
23,232,5410.92
9,521,4232.87
427,93,327.75
47,657,3053.06
281,52,1232.79
121,62,1253.76
19,20,285.56
547,237,2984.32
63,9,1259.5
79,111,2132.09
476,19,285.41
253,29,794.41
15,276,5493.46
64,228,4572.82
58,61,855.45
65,48,912.08
43,426,7852.61
259,3,729.8
487,9,152.2
255,106,1422.8300000000002
18,6,292.2
277,14,217.2
138,64,686.14
50,69,1573.2
227,37,632.07
232,23,439.18
2,41,1341.6
10,595,4487.11
7,2,77.50000000000001
665,1,0.0
462,1,39.95
3,94,1758.93
310,21,349.27
8,207,4966.92
218,5,67.95
394,31,1248.42
379,29,207.32999999999998
2,584,4868.15
95,63,1080.52
620,34,487.34999999999997
381,10,409.98
51,23,338.15
75,173,1343.72
529,16,406.07
674,65,931.43
57,362,8873.39
287,20,389.5
280,41,386.15
52,48,2792.5499999999997
71,19,238.25
453,26,890.94
33,221,3881.2200000000003
49,251,5687.36
128,15,275.88
450,27,426.53000000000003
80,42,768.24
173,54,1632.67
108,84,2889.28
500,3,58.5
1,99,1412.32
107,80,813.64
140,11,207.73999999999998
1,12,196.89
30,6,101.69999999999999
78,175,3435.86
1,693,12793.28
416,41,627.82
546,25,104.25999999999999
394,2,70.80000000000001
31,47,834.27
4,292,47781.12
72,18,379.14
254,47,848.8100000000001
19,230,4183.56
722,32,424.3
218,31,939.48
53,120,1826.04
452,14,216.95000000000002
145,6,166.3
686,15,256.6
25,617,3738.85
617,15,244.31
16,79,887.11
256,95,11010.05
4,11,168.9
31,35,703.36
366,87,249.89000000000001
25,59,1005.8
3,370,6797.41
408,40,1272.8
410,20,390.05
508,27,6695.6900000000005
52,52,646.76
2,378,12576.99
65,193,2940.36
60,11,215.83
516,35,151.17
429,21,273.26
108,21,418.09999999999997
40,41,507.66
288,114,2885.11
84,135,2235.92
2,9,12393.7
53,42,893.59
35,298,1617.1
196,4,353.66
180,17,201.14
133,136,2398.91
420,29,144.29
14,79,1135.63
17,57,827.83
89,57,1444.58
107,118,2294.65
297,1,3.75
116,313,9903.24
30,1010,26312.190000000002
386,58,1059.41
596,50,294.74
39,15,197.71
261,65,1838.95
2,909,7354.43
1,382,3593.06
23,63,1101.97
29,182,1041.75
319,129,9443.04
173,25,289.36
99,16,509.01
9,139,3041.68
4,143,2153.41
127,67,1088.35
71,45,957.97
79,122,2369.55
448,200,1273.16
317,68,1338.95
438,63,823.53
1,363,6849.15
394,192,2108.21
438,6,118.85999999999999
86,45,2696.36
98,21,115.31
92,81,2582.66
409,22,346.9
550,9,10396.5
60,6,104.82
4,216,2399.82
452,71,1220.9099999999999
329,35,534.57
242,5,527.78
151,193,3345.64
71,23,224.14
294,16,307.4
5,129,2317.52
58,252,1976.3
54,108,1175.68
652,8,285.6
443,38,604.3299999999999
703,13,906.23
669,8,120.6
378,99,859.21
170,62,1679.89
238,33,167.55
261,35,565.24
236,38,630.43
26,83,1250.06
134,1,244.8
44,178,5253.07
515,14,270.92
288,51,900.11
37,123,531.35
389,62,1491.4
267,22,362.71
435,70,778.49
88,115,6543.68
60,634,3518.41
634,18,402.97999999999996
639,23,202.68
33,670,16052.72
79,20,322.8
25,149,4087.19
25,61,1213.1599999999999
273,3,121.17000000000002
488,4,93.3
3,923,4998.61
45,85,1635.6599999999999
70,97,19759.079999999998
197,59,1159.61
684,6,307.1
161,43,977.17
92,98,547.9
3,1519,195640.69
72,46,801.51
112,35,612.29
18,314,7491.92
18,60,387.44
0,318,21770.98
36,45,96.11
520,34,823.4
437,26,132.24
10,4,712.8000000000001
7,1064,12973.460000000001
417,75,1408.96
36,50,1242.75
72,11,567.36
25,238,5175.83
89,27,252.73000000000002
53,35,999.35
429,5,65.3
36,28,378.2
276,50,1851.88
3,299,4735.08
480,126,2138.91
437,53,717.57
330,29,492.88
187,73,884.1800000000001
25,70,680.84
198,50,361.12
60,108,2155.95
35,44,2310.04
10,225,1254.64
23,6,148.86
43,210,4263.17
16,319,14335.15
554,13,63.6
40,56,615.0799999999999
46,66,1421.61
15,230,3902.01
18,57,1111.15
268,29,1829.04
21,116,2145.34
63,246,4094.37
3,93,1545.6200000000001
476,15,333.18
387,2,1025.1
28,145,2794.75
726,15,313.64
112,1,71.4
2,141,1630.49
18,371,3351.75
7,16,266.39
56,315,6274.56
592,13,235.88
268,20,301.9
70,6,74.39999999999999
3,148,2274.14
313,47,559.61
53,51,403.38
9,51,1342.32
218,110,1497.33
157,47,1078.96
9,227,5286.8
2,1040,32809.03
592,10,140.55
234,106,1113.14
464,50,2059.67
381,7,113.35
15,15,1550.6499999999999
81,4,688.0
725,21,431.98
518,1,14.850000000000001
730,16,234.38
282,35,2027.3
395,35,920.46
311,8,117.85
464,100,4057.9
1,48,984.57
623,10,175.5
9,92,1933.48
12,85,483.99
57,17,337.34
64,24,508.58000000000004
3,16,274.15000000000003
554,169,841.16
646,10,112.85000000000001
91,38,720.9
40,385,1887.8999999999999
383,42,342.55
80,14,242.35
555,47,596.09
3,33,312.62
373,44,671.34
7,12,178.05
676,5,282.76
674,8,195.55
21,122,2253.89
22,11,1717.36
194,22,208.59
33,66,210.31
31,50,259.13
182,34,409.04
428,73,549.33
154,135,743.53
11,123,489.54
28,130,4967.42
287,80,2094.57
70,5,199.8
30,61,1247.49
282,10,162.3
38,6,108.97999999999999
432,34,2037.7
425,63,1056.42
3,407,7571.35
4,1640,23581.78
63,56,1043.31
30,75,2123.61
128,50,4359.2
463,41,628.4399999999999
725,6,93.35000000000001
8,253,2529.93
15,364,7834.650000000001
1,625,5114.23
409,19,360.85
381,83,326.09
430,68,490.6
247,23,362.95
219,6,75.66
53,340,5394.86
37,17,89.94
177,62,833.78
15,56,14622.33
3,938,2664.9
81,73,1232.94
88,40,1840.32
2,1398,15514.11
386,13,846.55
22,33,957.53
23,529,10148.93
11,78,389.71999999999997
49,73,2904.27
163,3,508.8
32,83,1115.68
170,98,2038.25
10,3,336.40000000000003
12,53,156.34
22,36,856.03
106,38,641.13
44,95,623.93
381,1,100.0
586,6,136.2
17,34,554.65
87,58,2594.62
65,86,2026.06
723,16,307.95
88,74,2469.4
98,8,786.5699999999999
38,17,444.55
61,57,189.34
738,27,246.86
164,1,51.0
0,691,43515.051
17,6,8756.64
50,10,137.37
4,26,598.57
8,672,7404.65
189,35,542.03
385,12,172.8
28,39,1170.4
134,50,1844.06
733,12,204.24
99,53,1019.76
590,13,160.75
434,39,789.6
70,46,948.88
73,176,2339.32
590,41,341.9
9,159,2788.02
65,33,93.82000000000001
182,3,39916.5
435,33,979.8000000000001
185,24,609.3000000000001
393,55,1092.81
217,1,76.32000000000001
395,20,416.6
46,403,17329.16
24,928,144458.37
29,159,2681.9
32,37,566.58
430,4,53.65
255,29,478.53000000000003
207,40,1303.9099999999999
394,64,172.6
7,123,4368.62
288,531,4180.09
21,94,10027.18
22,142,6371.73
308,40,1013.71
35,142,2142.72
236,57,1527.6100000000001
16,100,3781.38
16,90,1614.91
71,44,612.36
18,78,2657.13
315,11,218.45
71,159,2585.62
400,29,605.9
269,144,756.7
75,13,422.59999999999997
2,874,16790.33
3,989,22950.22
233,20,149.57999999999998
283,16,204.5
65,18,902.28
1,46,965.8800000000001
56,28,244.1
36,219,4006.06
534,5,111.5
4,147,469.48
120,146,2315.75
32,326,1545.49
133,69,1554.6100000000001
4,50,729.3299999999999
287,11,264.7
621,40,255.59
401,12,262.4
59,307,17629.35
25,347,3387.58
37,18,113.48000000000002
15,168,8524.86
26,68,397.88
725,17,109.31
71,61,1070.17
78,53,1336.0900000000001
74,7,145.67000000000002
183,10,251.21
77,3,34.8
14,14,2046.0
644,1,594.0
38,14,266.89
243,28,287.05
10,59,1877.51
22,141,16833.170000000002
52,112,625.9399999999999
362,40,305.99
63,277,6702.43
30,167,3161.12
365,67,1159.99
422,6,321.3
59,92,2967.51
58,12,153.12
18,1266,14115.56
43,40,225.12
45,215,22100.56
576,14,209.57
9,84,2874.72
2,155,1292.01
28,35,1499.01
624,18,180.56
7,52,363.33
42,108,5059.32
58,48,1113.02
551,236,1651.72
52,65,1193.32
1,265,4817.66
248,2,594.0
31,61,1086.92
29,37,1249.6200000000001
57,92,409.8
31,737,5256.4
253,57,817.25
470,31,555.87
81,5,75.75
71,189,1859.24
411,40,112.53
234,157,2424.87
17,209,1450.19
50,91,1553.96
392,12,227.87
658,59,164.69
625,42,169.21
89,23,378.64
176,9,120.9
65,87,1898.01
4,257,4887.24
61,88,409.21
30,25,1764.72
106,1,17.0
8,515,8830.77
81,32,735.51
8,49,1114.72
18,62,1189.59
21,46,468.41
130,25,1880.51
548,34,111.15
3,507,5526.88
242,57,940.98
59,51,3122.4
215,277,2996.93
603,9,139.85
2,254,4243.86
373,18,297.95
562,68,3269.11
208,16,1028.56
469,125,2215.78
599,1,228.96
372,67,612.84
3,700,2790.9500000000003
39,42,782.37
422,4,302.04
477,28,600.34
86,23,449.68
508,24,2869.16
73,47,789.89
78,106,1788.38
84,5,419.58000000000004
185,164,965.4399999999999
674,89,499.6
8,521,9227.82
282,18,312.38
374,10,178.68
385,125,491.81
226,26,201.19
